:10000000781C002045250000037900003125000000
:100010003125000031250000312500003125000088
:100020000000000000000000000000007D2500002E
:1000300031250000000000002927000031250000C4
:10004000A9270000A9270000A9270000A927000070
:10005000A9270000A9270000A9270000A927000060
:10006000A9270000A9270000A9270000A927000050
:10007000A9270000A9270000A9270000A927000040
:10008000A9270000A9270000A9270000A927000030
:10009000A9270000A9270000A9270000A927000020
:1000A000A9270000A9270000A9270000A927000010
:1000B000A9270000A9270000A9270000A927000000
:1000C000A9270000A9270000A9270000A9270000F0
:1000D000A9270000A9270000A9270000A9270000E0
:1000E000A9270000A9270000A9270000A9270000D0
:1000F000A9270000A9270000A9270000A9270000C0
:10010000A9270000A9270000A9270000A9270000AF
:10011000A9270000A9270000A9270000A92700009F
:10012000A9270000A9270000A9270000A92700008F
:10013000A9270000A9270000A9270000A92700007F
:10014000A9270000A9270000A9270000A92700006F
:10015000A9270000A9270000A9270000A92700005F
:10016000A9270000A9270000A9270000A92700004F
:10017000A9270000A9270000A9270000A92700003F
:10018000A9270000A9270000A9270000A92700002F
:10019000A9270000A9270000A9270000A92700001F
:1001A000A9270000A9270000A9270000A92700000F
:1001B000A9270000A9270000A9270000A9270000FF
:1001C000A9270000A9270000A9270000A9270000EF
:1001D000A9270000A9270000A9270000A9270000DF
:1001E000A9270000A9270000A9270000A9270000CF
:1001F000A9270000A9270000A9270000A9270000BF
:10020000A9270000A9270000A9270000A9270000AE
:10021000A9270000A9270000A9270000A92700009E
:10022000A9270000A9270000A9270000A92700008E
:10023000A9270000A9270000A9270000A92700007E
:10024000A9270000A9270000A9270000A92700006E
:10025000A9270000A9270000A9270000A92700005E
:10026000A9270000A9270000A9270000A92700004E
:10027000A9270000A9270000A9270000A92700003E
:10028000A9270000A9270000A9270000A92700002E
:10029000A9270000A9270000A9270000A92700001E
:1002A000A9270000A9270000A9270000A92700000E
:1002B000A9270000A9270000A9270000A9270000FE
:1002C000A9270000A9270000A9270000A9270000EE
:1002D000A9270000A9270000A9270000A9270000DE
:1002E000A9270000A9270000A9270000A9270000CE
:1002F000A9270000A9270000A9270000A9270000BE
:10030000A9270000A9270000A9270000A9270000AD
:10031000A9270000A9270000A9270000A92700009D
:10032000A9270000A9270000A9270000A92700008D
:10033000A9270000A9270000A9270000A92700007D
:10034000A9270000A9270000A9270000A92700006D
:10035000A9270000A9270000A9270000A92700005D
:10036000A9270000A9270000A9270000A92700004D
:10037000A9270000A9270000A9270000A92700003D
:10038000A9270000A9270000A9270000A92700002D
:10039000A9270000A9270000A9270000A92700001D
:1003A000A9270000A9270000A9270000A92700000D
:1003B000A9270000A9270000A9270000A9270000FD
:1003C000A9270000A9270000A9270000A9270000ED
:1003D000A9270000A9270000A9270000A9270000DD
:1003E000A9270000A9270000A9270000A9270000CD
:1003F000A9270000A9270000A9270000A9270000BD
:10040000A9270000A9270000A9270000A9270000AC
:10041000A9270000A9270000A9270000A92700009C
:10042000A9270000A9270000A9270000A92700008C
:10043000A9270000A9270000A9270000A92700007C
:10044000A9270000A9270000A9270000A92700006C
:10045000A9270000A9270000A9270000A92700005C
:10046000A9270000A9270000A9270000A92700004C
:0C047000A9270000A9270000A927000010
:1004800081F0004102E000BF83F0004330B54FEA45
:1004900041044FEA430594EA050F08BF90EA020FB2
:1004A0001FBF54EA000C55EA020C7FEA645C7FEA45
:1004B000655C00F0E2804FEA5454D4EB5555B8BF68
:1004C0006D420CDD2C4480EA020281EA030382EAD9
:1004D000000083EA010180EA020281EA0303362D6B
:1004E00088BF30BD11F0004F4FEA01314FF4801C3E
:1004F0004CEA113102D0404261EB410113F0004F50
:100500004FEA03334CEA133302D0524263EB430306
:1005100094EA050F00F0A780A4F10104D5F1200EA4
:100520000DDB02FA0EFC22FA05F2801841F10001FF
:1005300003FA0EF2801843FA05F359410EE0A5F1D3
:1005400020050EF1200E012A03FA0EFC28BF4CF004
:10055000020C43FA05F3C01851EBE37101F00045BA
:1005600007D54FF0000EDCF1000C7EEB00006EEBC7
:100570000101B1F5801F1BD3B1F5001F0CD3490851
:100580005FEA30004FEA3C0C04F101044FEA4452A8
:1005900012F5800F80F09A80BCF1004F08BF5FEA2F
:1005A000500C50F1000041EB045141EA050130BD0F
:1005B0005FEA4C0C404141EB0101013C28BFB1F521
:1005C000801FE9D291F0000F04BF01460020B1FA6C
:1005D00081F308BF2033A3F10B03B3F120020CDA3F
:1005E0000C3208DD02F1140CC2F10C0201FA0CF01D
:1005F00021FA02F10CE002F11402D8BFC2F1200C82
:1006000001FA02F120FA0CFCDCBF41EA0C01904037
:10061000E41AA2BF01EB0451294330BD6FEA040480
:100620001F3C1CDA0C340EDC04F11404C4F120026B
:1006300020FA04F001FA02F340EA030021FA04F37D
:1006400045EA030130BDC4F10C04C4F1200220FAD4
:1006500002F001FA04F340EA0300294630BD21FA12
:1006600004F0294630BD94F0000F83F4801306BFD8
:1006700081F480110134013D4EE77FEA645C18BFCC
:100680007FEA655C29D094EA050F08BF90EA020F63
:1006900005D054EA000C04BF1946104630BD91EA5B
:1006A000030F1EBF0021002030BD5FEA545C05D15E
:1006B0004000494128BF41F0004130BD14F580049D
:1006C0003CBF01F5801130BD01F0004545F0FE4111
:1006D00041F470014FF0000030BD7FEA645C1ABF46
:1006E000194610467FEA655C1CBF0B46024650EA7D
:1006F000013406BF52EA033591EA030F41F40021A9
:1007000030BD00BF90F0000F04BF0021704730B52E
:100710004FF4806404F132044FF000054FF0000103
:1007200050E700BF90F0000F04BF0021704730B5C4
:100730004FF4806404F1320410F0004548BF404299
:100740004FF000013EE700BF42004FEAE2014FEAEE
:1007500031014FEA02701FBF12F07F4393F07F4FC9
:1007600081F06051704732F07F4208BF704793F0CC
:100770007F4F04BF41F40021704730B54FF46074DF
:1007800001F0004521F000411CE700BF50EA0102E2
:1007900008BF704730B54FF000050AE050EA01028B
:1007A00008BF704730B511F0004502D5404261EBFB
:1007B00041014FF4806404F132045FEA915C3FF43C
:1007C000D8AE4FF003025FEADC0C18BF03325FEAD9
:1007D000DC0C18BF033202EBDC02C2F1200300FA8A
:1007E00003FC20FA02F001FA03FE40EA0E0021FAAF
:1007F00002F11444BDE600BF70B54FF0FF0C4CF49D
:10080000E06C1CEA11541DBF1CEA135594EA0C0F4E
:1008100095EA0C0F00F0DEF82C4481EA030621EA89
:100820004C5123EA4C5350EA013518BF52EA0335C4
:1008300041F4801143F4801338D0A0FB02CE4FF076
:100840000005E1FB02E506F00042E0FB03E54FF0A6
:100850000006E1FB03569CF0000F18BF4EF0010E9E
:10086000A4F1FF04B6F5007F64F5407404D25FEA9A
:100870004E0E6D4146EB060642EAC62141EA55514D
:100880004FEAC52040EA5E504FEACE2EB4F1FD0C8F
:1008900088BFBCF5E06F1ED8BEF1004F08BF5FEA0D
:1008A000500E50F1000041EB045170BD06F00046BF
:1008B00046EA010140EA020081EA0301B4EB5C046C
:1008C000C2BFD4EB0C0541EA045170BD41F4801164
:1008D0004FF0000E013C00F3AB8014F1360FDEBF89
:1008E000002001F0004170BDC4F10004203C35DA65
:1008F0000C341BDC04F11404C4F1200500FA05F3E8
:1009000020FA04F001FA05F240EA020001F0004288
:1009100021F0004110EBD37021FA04F642EB0601FE
:100920005EEA430E08BF20EAD37070BDC4F10C0428
:10093000C4F1200500FA04F320FA05F001FA04F2EC
:1009400040EA020001F0004110EBD37041F10001D8
:100950005EEA430E08BF20EAD37070BDC4F12005E3
:1009600000FA05F24EEA020E20FA04F301FA05F24B
:1009700043EA020321FA04F001F0004121FA04F2F3
:1009800020EA020000EBD3705EEA430E08BF20EAC3
:10099000D37070BD94F0000F0FD101F000464000FD
:1009A00041EB010111F4801F08BF013CF7D041EA7F
:1009B000060195F0000F18BF704703F00046520083
:1009C00043EB030313F4801F08BF013DF7D043EA54
:1009D0000603704794EA0C0F0CEA135518BF95EA0A
:1009E0000C0F0CD050EA410618BF52EA4306D1D191
:1009F00081EA030101F000414FF0000070BD50EAB0
:100A0000410606BF1046194652EA430619D094EA39
:100A10000C0F02D150EA013613D195EA0C0F05D123
:100A200052EA03361CBF104619460AD181EA030177
:100A300001F0004141F0FE4141F470014FF000002F
:100A400070BD41F0FE4141F4780170BD70B54FF0CA
:100A5000FF0C4CF4E06C1CEA11541DBF1CEA13554A
:100A600094EA0C0F95EA0C0F00F0A7F8A4EB05042C
:100A700081EA030E52EA03354FEA013100F0888023
:100A80004FEA03334FF0805545EA131343EA1263EC
:100A90004FEA022245EA111545EA10654FEA0026A1
:100AA0000EF000419D4208BF964244F1FD0404F55A
:100AB000407402D25B084FEA3202B61A65EB0305B6
:100AC0005B084FEA32024FF480104FF4002CB6EB73
:100AD000020E75EB030E22BFB61A754640EA0C00F3
:100AE0005B084FEA3202B6EB020E75EB030E22BF33
:100AF000B61A754640EA5C005B084FEA3202B6EB74
:100B0000020E75EB030E22BFB61A754640EA9C0032
:100B10005B084FEA3202B6EB020E75EB030E22BF02
:100B2000B61A754640EADC0055EA060E18D04FEAC0
:100B3000051545EA16754FEA06164FEAC30343EA60
:100B400052734FEAC2025FEA1C1CC0D111F4801F2D
:100B50000BD141EA00014FF000004FF0004CB6E726
:100B600011F4801F04BF01430020B4F1FD0C88BFC5
:100B7000BCF5E06F3FF6AFAEB5EB030C04BFB6EBD0
:100B8000020C5FEA500C50F1000041EB045170BDC3
:100B90000EF0004E4EEA113114EB5C04C2BFD4EBF0
:100BA0000C0541EA045170BD41F480114FF0000E74
:100BB000013C90E645EA060E8DE60CEA135594EAF0
:100BC0000C0F08BF95EA0C0F3FF43BAF94EA0C0FF3
:100BD0000AD150EA01347FF434AF95EA0C0F7FF468
:100BE00025AF104619462CE795EA0C0F06D152EABC
:100BF00003353FF4FDAE1046194622E750EA4106A0
:100C000018BF52EA43067FF4C5AE50EA41047FF4B0
:100C10000DAF52EA43057FF4EBAE12E74FF0FF3C15
:100C200006E000BF4FF0010C02E000BF4FF0010CE6
:100C30004DF804CD4FEA410C7FEA6C5C4FEA430C5F
:100C400018BF7FEA6C5C1BD001B050EA410C0CBFAE
:100C500052EA430C91EA030F02BF90EA020F002010
:100C6000704710F1000F91EA030F58BF994208BF77
:100C700090422CBFD8176FEAE37040F00100704734
:100C80004FEA410C7FEA6C5C02D150EA013C07D18B
:100C90004FEA430C7FEA6C5CD6D152EA033CD3D0D6
:100CA0005DF8040B704700BF8446104662468C46D0
:100CB0001946634600E000BF01B5FFF7B7FF002803
:100CC00048BF10F1000F01BD4DF808EDFFF7F4FF2C
:100CD0000CBF012000205DF808FB00BF4DF808EDB7
:100CE000FFF7EAFF34BF012000205DF808FB00BFDA
:100CF0004DF808EDFFF7E0FF94BF012000205DF8FC
:100D000008FB00BF4DF808EDFFF7CEFF94BF0120B0
:100D100000205DF808FB00BF4DF808EDFFF7C4FFA9
:100D200034BF012000205DF808FB00BF4FEA4102FC
:100D300012F5001215D211D56FF47873B3EB62522D
:100D400012D94FEAC12343F0004343EA505311F054
:100D5000004F23FA02F018BF404270474FF00000E6
:100D6000704750EA013005D111F0004008BF6FF024
:100D7000004070474FF00000704700BF4A0011D29A
:100D800012F5001211D20DD56FF47873B3EB6252E5
:100D90000ED44FEAC12343F0004343EA505323FAF1
:100DA00002F070474FF00000704750EA013002D166
:100DB0004FF0FF3070474FF0000070474FEA41029C
:100DC000B2F1E04324BFB3F5001CDCF1FE5C0DD9A9
:100DD00001F0004C4FEAC0024CEA5070B2F1004FF3
:100DE00040EB830008BF20F00100704711F0804FF6
:100DF00021D113F13872BCBF01F00040704741F4BB
:100E000080114FEA5252C2F11802C2F1200C10FABE
:100E10000CF320FA02F018BF40F001004FEAC123A2
:100E20004FEAD32303FA0CFC40EA0C0023FA02F346
:100E30004FEA4303CCE77FEA625307D150EA01331C
:100E40001EBF4FF0FE4040F44000704701F00040EC
:100E500040F0FE4040F40000704700BF80F00040CA
:100E600002E000BF81F0004142001FBF5FEA410382
:100E700092EA030F7FEA226C7FEA236C6AD04FEA82
:100E80001262D2EB1363C1BFD218414048404140C7
:100E9000B8BF5B42192B88BF704710F0004F40F479
:100EA000000020F07F4018BF404211F0004F41F495
:100EB000000121F07F4118BF494292EA030F3FD061
:100EC000A2F1010241FA03FC10EB0C00C3F1200374
:100ED00001FA03F100F0004302D5494260EB400003
:100EE000B0F5000F13D3B0F1807F06D340084FEA6E
:100EF000310102F10102FE2A51D2B1F1004F40EB63
:100F0000C25008BF20F0010040EA030070474900CA
:100F100040EB0000013A28BFB0F5000FEDD2B0FA67
:100F200080FCACF1080CB2EB0C0200FA0CF0AABF8A
:100F300000EBC25052421843BCBFD0401843704728
:100F400092F0000F81F4000106BF80F4000001322E
:100F5000013BB5E74FEA41037FEA226C18BF7FEA05
:100F6000236C21D092EA030F04D092F0000F08BF47
:100F70000846704790EA010F1CBF0020704712F02E
:100F80007F4F04D1400028BF40F00040704712F16D
:100F900000723CBF00F50000704700F0004343F0D2
:100FA000FE4040F4000070477FEA226216BF084608
:100FB0007FEA23630146420206BF5FEA412390EACB
:100FC000010F40F4800070474FF0000304E000BFC1
:100FD00010F0004348BF40425FEA000C08BF704772
:100FE00043F0964301464FF000001CE050EA010236
:100FF00008BF70474FF000030AE000BF50EA01024B
:1010000008BF704711F0004302D5404261EB410137
:101010005FEA010C02BF84460146002043F0B6435C
:1010200008BFA3F18053A3F50003BCFA8CF2083A81
:10103000A3EBC25310DB01FA02FC634400FA02FC8A
:10104000C2F12002BCF1004F20FA02F243EB020091
:1010500008BF20F00100704702F1200201FA02FCF3
:10106000C2F1200250EA4C0021FA02F243EB0200E6
:1010700008BF20EADC7070474FF0FF0C1CEAD0522A
:101080001EBF1CEAD15392EA0C0F93EA0C0F6FD0EB
:101090001A4480EA010C400218BF5FEA41211ED0C9
:1010A0004FF0006343EA501043EA5111A0FB0131B5
:1010B0000CF00040B1F5000F3EBF490041EAD3718A
:1010C0005B0040EA010062F17F02FD2A1DD8B3F106
:1010D000004F40EBC25008BF20F00100704790F075
:1010E000000F0CF0004C08BF49024CEA502040EAC7
:1010F00051207F3AC2BFD2F1FF0340EAC25070478D
:1011000040F400004FF00003013A5DDC12F1190FCA
:10111000DCBF00F000407047C2F10002410021FA3C
:1011200002F1C2F1200200FA02FC5FEA310040F154
:10113000000053EA4C0308BF20EADC70704792F0CD
:10114000000F00F0004C02BF400010F4000F013A05
:10115000F9D040EA0C0093F0000F01F0004C02BF00
:10116000490011F4000F013BF9D041EA0C018FE76F
:101170000CEAD15392EA0C0F18BF93EA0C0F0AD075
:1011800030F0004C18BF31F0004CD8D180EA01009B
:1011900000F00040704790F0000F17BF90F0004F34
:1011A000084691F0000F91F0004F14D092EA0C0F16
:1011B00001D142020FD193EA0C0F03D14B0218BFA9
:1011C000084608D180EA010000F0004040F0FE40EF
:1011D00040F40000704740F0FE4040F4400070478B
:1011E0004FF0FF0C1CEAD0521EBF1CEAD15392EA0A
:1011F0000C0F93EA0C0F69D0A2EB030280EA010CFA
:1012000049024FEA402037D04FF0805343EA111192
:1012100043EA10130CF000408B4238BF5B0042F1F0
:101220007D024FF4000C8B4224BF5B1A40EA0C0095
:10123000B3EB510F24BFA3EB510340EA5C00B3EBC7
:10124000910F24BFA3EB910340EA9C00B3EBD10FB5
:1012500024BFA3EBD10340EADC001B0118BF5FEA07
:101260001C1CE0D1FD2A3FF650AF8B4240EBC25030
:1012700008BF20F0010070470CF0004C4CEA5020F1
:101280007F32C2BFD2F1FF0340EAC250704740F440
:1012900000004FF00003013A37E792F0000F00F032
:1012A000004C02BF400010F4000F013AF9D040EAB0
:1012B0000C0093F0000F01F0004C02BF490011F444
:1012C000000F013BF9D041EA0C0195E70CEAD1533C
:1012D00092EA0C0F08D142027FF47DAF93EA0C0F23
:1012E0007FF470AF084676E793EA0C0F04D14B0207
:1012F0003FF44CAF08466EE730F0004C18BF31F0B9
:10130000004CCAD130F000427FF45CAF31F00043B2
:101310007FF43CAF5FE700BF4FF0FF3C06E000BF4B
:101320004FF0010C02E000BF4FF0010C4DF804CD6E
:101330004FEA40024FEA41037FEA226C18BF7FEA7E
:10134000236C11D001B052EA530C18BF90EA010F80
:1013500058BFB2EB030088BFC81738BF6FEAE1700F
:1013600018BF40F0010070477FEA226C02D15FEAAB
:10137000402C05D17FEA236CE4D15FEA412CE1D017
:101380005DF8040B704700BF844608466146FFE7DE
:101390000FB5FFF7C9FF002848BF10F1000F0FBDC0
:1013A0004DF808EDFFF7F4FF0CBF012000205DF8B9
:1013B00008FB00BF4DF808EDFFF7EAFF34BF01203E
:1013C00000205DF808FB00BF4DF808EDFFF7E0FFD7
:1013D00094BF012000205DF808FB00BF4DF808ED28
:1013E000FFF7D2FF94BF012000205DF808FB00BF8B
:1013F0004DF808EDFFF7C8FF34BF012000205DF86D
:1014000008FB00BF4FEA4002B2F1FE4F0FD34FF08E
:101410009E03B3EB12620DD94FEA002343F0004361
:1014200010F0004F23FA02F018BF404270474FF00F
:101430000000704712F1610F01D1420205D110F096
:10144000004008BF6FF0004070474FF00000704749
:101450007BB972B90029BEBF00204FF0004106E001
:1014600008BF00281CBF6FF000414FF0FF3000F0B4
:1014700057B8ADF1080C6DE904CE002909DB002B4B
:101480001ADB00F04FF8DDF804E0DDE9022304B0D8
:101490007047404261EB4101002B1BDB00F042F83A
:1014A000DDF804E0DDE9022304B0404261EB4101D4
:1014B000524263EB43037047524263EB430300F035
:1014C00031F8DDF804E0DDE9022304B0404261EBCD
:1014D00041017047524263EB430300F023F8DDF80B
:1014E00004E0DDE9022304B0524263EB430370479A
:1014F00053B94AB9002908BF00281CBF4FF0FF317B
:101500004FF0FF3000F00CB8ADF1080C6DE904CEDF
:1015100000F008F8DDF804E0DDE9022304B07047CC
:10152000704700BF2DE9F0478C468E46089E154651
:1015300004461946002B40F0D080724547D9B2FAD4
:1015400082F74FB1C7F120030EFA07FCBD40BC4043
:1015500020FA03F343EA0C0C4FEA154EA8B2230C11
:10156000BCFBFEF80EFB18CC08FB00F943EA0C4369
:10157000994528D9EB1808F1FF3204D2994502D9D0
:10158000A8F102022B44A3EB0903A4B2B3FBFEFCB7
:101590000EFB1C330CFB00F044EA0344A04214D9B8
:1015A0002C190CF1FF3304D2A04202D9ACF1020392
:1015B0002C44241A43EA02401EB1FC40002334604C
:1015C0007360BDE8F0874246DDE76346F1E7002A35
:1015D00079D0B2FA82F3002B3FD01946C1F1200333
:1015E00002FA01F500FA01F42EFA03F20EFA01FEF6
:1015F00020FA03F3AFB243EA0E034FEA154EB2FBF3
:10160000FEFC0EFB1C201A0C0CFB07F842EA004201
:1016100090455AD9AA180CF1FF3004D2904502D94E
:10162000ACF102002A44A2EB08029BB2B2FBFEFC22
:101630000EFB1C220CFB07F743EA02439F4246D9EC
:10164000EB180CF1FF3204D29F4202D9ACF1020236
:101650002B44DB1B42EA004202E0AEEB0203012214
:101660004FEA154EAFB2200CB3FBFEFC0EFB1C3351
:101670000CFB07F840EA034398452AD9EB180CF114
:10168000FF3004D2984502D9ACF102002B44A3EB01
:101690000803A4B2B3FBFEFC0EFB1C330CFB07F7E4
:1016A00044EA0344A74216D92C190CF1FF3304D2A3
:1016B000A74202D9ACF102032C44E41B43EA0040E8
:1016C0000F46114678E71F2188E76046ABE7624680
:1016D000BFE76046DBE76346EFE7734506D916B917
:1016E000002108466DE7C6E9000EF9E7B3FA83F773
:1016F00087B9734501D3824207D8841A6EEB03037E
:1017000001209C461EB900215BE73846FAE7C6E98E
:10171000004CF8E7C7F1200CBB4000FA07F422FAAE
:101720000CF520FA0CF1BA401D432EFA0CF30EFA18
:1017300007FE4FEA154941EA0E011FFA85FEB3FB89
:10174000F9F809FB18300B0C08FB0EFA43EA0043CA
:101750009A4540D9EB1808F1FF3004D29A4502D9D6
:10176000A8F102002B44A3EB0A0389B2B3FBF9F8FA
:1017700009FB183308FB0EFE41EA03418E452CD9C4
:10178000691808F1FF3304D28E4502D9A8F102038B
:10179000294443EA0040A1EB0E01A0FB0298414519
:1017A000CE46434602D306D14C4504D20138B9EBAC
:1017B000020E68EB0503002EA5D0B4EB0E0261EB20
:1017C000030101FA0CFC22FA07F3F9404CEA030387
:1017D000C6E9003197E74046C5E74346D9E7000030
:1017E0002DE9F04721F00042B34F88B00446BA42D9
:1017F0000D464FEAD17632D9B04FBA4212D9C1F371
:1018000013030246034305D00B46FEF73FFE044692
:101810000D4602E0002E40F01F812046294608B008
:10182000BDE8F0878EA3D3E90023FFF775FA0746DA
:1018300028B1002008B0BDE8F04705F0BDBE8AA37E
:10184000D3E9002320462946FFF748FA002800F094
:101850008580384608B0BDE8F04708F03EBB984B9D
:101860009A4240F2A780974B9A4277D8964BF40061
:1018700086F0010A03EBC603AAEB060AD3E90023AC
:10188000FEF702FE914B804689462344D3E900349B
:10189000CDE90034DDE9002340464946FEF7F4FD7A
:1018A00004460D4622462B4620462946FEF7A4FF55
:1018B00006460F466EA3D3E90023FEF79DFF6EA3F5
:1018C000D3E90023FEF7E0FD32463B46FEF794FFE6
:1018D0006BA3D3E90023FEF7D9FD32463B46FEF762
:1018E0008BFF69A3D3E90023FEF7CEFD32463B46CA
:1018F000FEF782FF66A3D3E90023FEF7C7FD324659
:101900003B46FEF779FF02460B4620462946FEF786
:10191000BBFD02460B4606460F4620462946FEF70B
:101920006BFFCDE90201BAF1000F5AD100224FF04E
:10193000804330463946FEF7A7FD02460B46DDE9F7
:101940000201FFF783F822462B46FEF79DFD024673
:101950000B4600205E49FEF797FD58E75D4B204699
:10196000294603EBC6064CA3D3E90023FEF744FF48
:10197000D6E90023FEF78AFDFFF7D8F98246FEF785
:10198000D1FE06460F4646A3D3E90023FEF734FFF7
:1019900002460B4620462946FEF776FD80468946DC
:1019A0003046394640A3D3E90023FEF725FFCDE9B1
:1019B00000016FE7484B9A420ED83DA3D3E90023BC
:1019C000FEF764FD0022424BFFF7A6F938B1002272
:1019D0003F4B2046294618E74FF0000A62E782464F
:1019E00060E732463B4600204FF08041FEF74CFD59
:1019F00002460B46DDE90201FFF728F802460B46D6
:101A0000DDE90001FEF740FD42464B46FEF73CFD96
:101A100002460B4600202E49FEF736FD0B460C46CB
:101A20006FF47F7102468A4508DBCDE90423DDE9C6
:101A3000042304EB0A5314461D46EEE60AF57A7AAF
:101A4000CDE906230022DDE9060103EB0A514FF040
:101A5000B873FEF7D1FEDAE600240025DDE600BF0C
:101A6000EF39FAFE422E864051302DD5104987C0FD
:101A7000D0A4BE726937663EF16BD2C541BDBB3E94
:101A80002CDE25AF6A56113F93BDBE166CC1663F72
:101A90003E5555555555C53FFE822B654715F73FB9
:101AA0000000E0FE422EE63F763C7935EF39EA3D14
:101AB0009C7500883CE4377E412E8640FFFFEF7F17
:101AC000422ED63FB1A2F03F78AB000068AB0000D9
:101AD0000000F03F88AB0000FFFFEF3D000000007A
:101AE00030F0004201462DE9F84F034604D10120B1
:101AF000BDE8F84F05F06CBD002803DABDE8F84FEB
:101B000005F06EBDB0F1FF4F03DBFFF7ADF9BDE8A7
:101B1000F88FB0F5000F35DA4FF09841FFF7ACFAC7
:101B20006FF018020346C3F31604DE15764B4FF030
:101B30007E517F3E2344164403F4000006EBD35647
:101B400080F07E502043FFF78DF904F10F026F4BB8
:101B500005461340002B3ED10021FFF721FC98B130
:101B6000002E00F0C8803046FFF732FA684905467B
:101B7000FFF782FA044667492846FFF77DFA0146D7
:101B80002046C2E70022CEE75DA1D1E90001FFF7C0
:101B900015F92946FFF770FA01464FF07C50FFF720
:101BA00061F9044629462846FFF766FA01462046B1
:101BB000FFF762FA04460EB921466FE03046FFF7A0
:101BC00007FA07465249FFF757FA52490646384680
:101BD000FFF752FA72E04FF08041DFF83CB1FFF7B7
:101BE00043F901462846A344FFF7FAFA81463046F6
:101BF000FFF7EEF9494680464846FFF73DFA0146B1
:101C00008246FFF739FA45490746FFF735FA444956
:101C1000FFF72AF93946FFF72FFA4249FFF724F96F
:101C20003946FFF729FA4049FFF71EF95146FFF7F9
:101C300023FA3E4982463846FFF71EFA3C49FFF731
:101C400013F93946FFF718FA3A49FFF70DF9394603
:101C5000FFF712FA01465046FFF706F9C4F557138D
:101C6000074603F5227343EA0B03002B30DD4FF0E8
:101C70007C512846FFF700FA2946FFF7FDF9014697
:101C800004463846FFF7F0F84946FFF7F5F90746EE
:101C900046B901462046FFF7E5F801462846FFF71A
:101CA000E1F834E71A494046FFF7E6F919490646D4
:101CB0004046FFF7E1F93946FFF7D6F801462046DE
:101CC000FFF7D0F82946FFF7CDF801463046E6E7A2
:101CD00001462846FFF7C6F84946FFF7CDF9044606
:101CE000002E3FF469AF0A494046FFF7C5F909499C
:101CF000064640466CE7002009E700BFAFF30080CE
:101D0000555555555555D53F20FB4A00F0FF7F00EE
:101D10008071313FD1F71737305CCFFF9788173E7E
:101D200025333A3E2549923EABAA2A3F4FD01C3E6E
:101D3000298E633ECDCCCC3E10B543681E4A23F0BD
:101D4000FF0393422ED18468012C34D11B4807F045
:101D5000BFFD80B321461A4805F04BFC21461948C7
:101D600005F047FC002140F6354007F00DFF00214B
:101D7000144805F03EFC002140F6354007F004FF12
:101D800000210F4805F035FC21460F4805F031FCD5
:101D900000210E4805F02DFC21460D48BDE81040FD
:101DA00005F027BC0B4A934205D181680A480039E7
:101DB00018BF0121F2E710BD00010B000CA00000CC
:101DC00098AB0000A0AB0000C0AB0000B8AB0000B7
:101DD000B0AB000000010200A8AB000008B5012173
:101DE000024805F006FC002008BD00BFC0AB0000A3
:101DF000014B1B68184700BFF800002030B50446AF
:101E000085B00D4610220021684607F0FCFF022332
:101E10008DF80230044B2A4621466846019305F0AE
:101E200089F905B030BD00BFF11D000080B5054641
:101E30000E461746984604F043FE034600F0C6FCE3
:101E40000446DFF81890424649F8003039463046DB
:101E5000A84754F8090000F051FC00BF080000003A
:101E60002DE9F047058B0446280717460CD50129B4
:101E70000CBF45F0100545F02005258387F3118838
:101E8000BFF36F8FBDE8F087022905F0070540F02A
:101E90009480204605F03DFC052864D801A353F842
:101EA00020F000BF7D1E0000BB1F0000671F000068
:101EB000291F0000431F0000551F000001F0070309
:101EC0005A1F012A1FD8002221F00701062BD4F83F
:101ED000008089B2C4E9002209D1434603E0628B45
:101EE000013262831B68002BF9D141F002012046C8
:101EF000218305F00EFC4FF0000900286DD041F061
:101F00002001218369E0042B0AD121F0070189B265
:101F10002046218305F0FDFB10B141F02001218313
:101F20004FF00008C14658E02369D3F80090238B96
:101F300023F0070343F006034FF0000823834646CF
:101F40004BE02369D3F80490238B23F0070343F07D
:101F50000403F1E72369D3F80890238B23F00703E8
:101F600043F00503E8E74FF00008C146E7E7012228
:101F700043F00803238387F31188BFF36F8F002A90
:101F80003BD1B8F1000F4AD1B9F1000F02D0204681
:101F90002C49C847EFF31187202383F31288BFF33E
:101FA0006F8F238B23F008039BB22383D9063FD581
:101FB00023F01002228303F007056669218B002EAF
:101FC000BFF67CAF00239946D4F8008021F00701CA
:101FD000C4E9003341F001012183238B03F0070A98
:101FE000AA4502D0A268002AC1D1B8F1000F02D1DF
:101FF000B9F1000FDAD00022BAE7A1680029C0D0F9
:102000000D680029BDD03346524620464F68B84778
:102010001DB12B6829461D46F3E72B46FAE74146DA
:10202000334652462046D8F8008005F09EFBA8E7CC
:102030009A067FF523AF23F02002228303F00705E1
:1020400027E700BF97770000014B0360002070472F
:10205000C8AB000008B50348034A0021121A05F076
:1020600048FC08BDE8020020380B0020074808B5EE
:10207000074A0849121A05F03EFCBDE80840064828
:10208000064A0749121A05F036BC00BF00000020BE
:10209000E8020020D8B4000000000020000000206A
:1020A000D8B4000038B505460C4699B1D1E90123F2
:1020B0000F48096805F020FBD4E90423E1680D48C6
:1020C00005F01AFBE1690C4805F016FBA1690B4805
:1020D00005F012FB012D05D1EFF3058108481039F9
:1020E00005F00AFB21462846BDE8384003F06EBDE6
:1020F00074AF0000A4AF0000D4AF0000E4AF000054
:1021000013B0000030BFFFF7FDBF00BF2DE9F04165
:1021100005460B4EDFF82C80324606EB0807CC1B39
:102120002046094907F049FEA01942460021083C13
:1021300007F069FE2C6707F10800BDE8F08100BFD9
:10214000000000000400000028AB000010B5204C87
:10215000204805F0D1FAA36A990137D51E4805F049
:10216000CBFA1E20A36ADA0103D51C4805F0C4FA95
:102170001F20174CA36ADB0203D5194805F0BCFAEF
:102180000220A36A1C0303D5164805F0B5FA2120E6
:102190000F4CA36A590303D5134805F0ADFA22206A
:1021A000A36A9A0303D5114805F0A6FA2320084C28
:1021B000A36ADB0303D50E4805F09EFA2420A36A28
:1021C0006FEA03436FEA1343A36210BD1D20C9E702
:1021D00000ED00E027B0000040B0000054B0000067
:1021E0006FB000009AB00000B9B00000DFB000008E
:1021F000FAB0000070B5244C064624480D4605F0A0
:102200007BFAA36AD90435D5214805F075FA172061
:10221000A36A1A0503D51F4805F06EFA18201A4C58
:10222000A36A9B050FD51C4805F066FAA16BA36A4B
:10223000180407D5194805F05FFA1EB1A36A23F404
:102240000043A3621920104CA36A590503D5144812
:1022500005F052FA1A20A36ADA050DD5114805F0E7
:102260004BFA1B20084A936A43F47F43936200238E
:102270002B7070BD1620CBE7A36A9B04F2D50A48E9
:1022800005F03AFA1C20EDE700ED00E026B1000071
:102290003DB100004FB1000063B100007DB100000E
:1022A00093B10000AFB10000C8B1000070B5264C7A
:1022B000064626480D4605F01FFAA36AD80640D503
:1022C000234805F019FA1120A36A190703D52148FC
:1022D00005F012FA12201C4CA36A9A070FD51E486B
:1022E00005F00AFA616BA36A1B0607D51B4805F0C7
:1022F00003FA1EB1A36A23F08003A3621320124CD9
:10230000A36ADE0703D5164805F0F6F91420A36A80
:102310009C0603D5134805F0EFF915200A4B9A6A7D
:10232000D10658BF9A6A9A6A920642BF5A6A22F444
:1023300000525A629A6A42F0FF029A6200232B709E
:1023400070BD1020C0E700BF00ED00E0F8B1000054
:102350000FB200004FB1000043B200005CB20000B9
:1023600073B20000C8B100002DE9F0415D4B044696
:102370005F6800258AB0C7F3080685F31188BFF3AC
:102380006F8F02F07F43B3F17F4F06D102F00C0351
:10239000082B13D1544805F0AFF900252C464FF017
:1023A0000008F31E8DF80780092B00F28B80DFE810
:1023B00003F00A7F837B89898989898710074CBF4D
:1023C0000C460125EBE74948464E05F095F98DF896
:1023D0000780F36A9A0704D5454805F08DF9002374
:1023E0002AE0F36A002B01DA4248F6E7F36A5B0061
:1023F000F5D5414805F080F97369A26943F480730B
:102400007361BFF34F8FBFF36F8F32F8023C726975
:1024100022F480727261BFF34F8FBFF36F8F03F4AA
:102420007F42B2F55F4F27D1DBB2022B24D1216866
:10243000324805F061F923689DF80720CAB902AE59
:1024400004F12007324620686168083403C2BC42A8
:102450001646F7D1099A002D40D0C2F3080121B9E0
:102460006FEA52226FEA42220992184602A9FFF748
:1024700019FE0AB0BDE8F0811A4B9A6AD2B22AB1AD
:1024800001200DF10701FFF711FF0FE09A6A12F426
:102490007F4F05D001200DF10701FFF7ABFE05E0EE
:1024A0009B6AB3F5803F9AD3FFF750FE0346C3E71C
:1024B00000200DF10701E6E700200DF10701ECE730
:1024C0000F488AE70F4B17F4F87F0F490F4808BFF2
:1024D0001946A6F1100205F00FF980E76FF3080224
:1024E000C2E700BF00ED00E0C1B20000EDB20000A5
:1024F00005B3000027B3000036B3000056B3000058
:1025000073B3000093B20000A8B2000098B30000BB
:10251000064B5A6942F010025A615A6942F48062CD
:102520005A615A6922F008025A61704700ED00E0D2
:10253000EFF30880EFF3098101B57246FFF714FF4E
:1025400001BD00BF0B4880F3088802F021FA20206B
:1025500080F3118808484FF40061401880F309881F
:10256000EFF314800221084380F31488BFF36F8FC8
:1025700000F056F8781C0020380F00201EF0040FE1
:102580000CBFEFF30880EFF30980816911F8021C9A
:102590000229FFD001B5724605F0AFF901BD00BFB9
:1025A00000B2002807DB01234109034A00F01F00A5
:1025B000834042F82130704700E100E0054B4209BA
:1025C00053F82220012300F01F0003FA00F010400E
:1025D000704700BF00E100E000B2002801F10101F6
:1025E000ACBF00F16040064B4FEA4111C9B2ABBF2E
:1025F00000F5614000F00F0080F800131954704797
:1026000014ED00E0044B054A23F07F039360BFF311
:102610004F8FBFF36F8F70470000000000ED00E0A8
:1026200008B5FFF7EFFF0B4AD2F8883023F47003A8
:10263000C2F88830EFF3148323F0040383F3148883
:10264000BFF36F8FFFF706FDFFF710FD00F09CF85A
:1026500003F080FB00ED00E042F8203C009B0B49BA
:1026600042F81C3C019B21F0010142F8183C029BFE
:1026700042F8081C42F8143C4FF0807342F8043CC6
:102680000023203A02654367704700BF2D1E0000FB
:1026900000B50D4B15469860026F0C4B0E461A6044
:1026A000036E83F30B882C4686F309880020044BC5
:1026B00098472046002100220023024C20470000BA
:1026C000277900002D1E0000D0090020E00700201F
:1026D0001022014B1A61704700ED00E0054B5A696A
:1026E0009B689A421FBF044A536843F0805353606B
:1026F000704700BFD009002000ED00E0084B9B6848
:1027000083420BD1EFF3058343B1064B5A6842F085
:1027100080525A605A6A22F400425A6204F0D6B9D2
:10272000D009002000ED00E014498A684FF0300025
:102730001044EFF3098C80E8F01F202080F312880A
:10274000BFF36F8F0E4F4FF000664A698A603E609C
:10275000106F0C4C2060506F0023536780F311887A
:1027600002F1300090E8F01F8CF3098802F10000BC
:1027700004B505F0D1F8BDE804407047D009002049
:1027800004ED00E0E00700200023202040F20F12BB
:1027900010B5044CE1180133934281F80003F9D1DC
:1027A00010BD00BF00E100E008B5EFF30583064A65
:1027B000103B02EBC30152F8330049688847BDE87B
:1027C0000840FFF78BBF00BF78A1000001480068F8
:1027D00070470000E00700201FB50121094B0A4A9D
:1027E0000A4800F0F7F80023064A0393084B01213A
:1027F000019301A8D31A029300F0F6F805B05DF832
:1028000004FB00BF0000042000000020C8AB000053
:10281000E80200200A7A0B6810B562F304031C4634
:10282000CB68520923F01F0343EA4203044A43F0F2
:102830000103C2F89800C2F89C40C2F8A03010BD55
:1028400000ED00E010B5074BD3F89030C3F3072339
:10285000013B984202D8FFF7DDFF10BD6FF0150075
:10286000FBE700BF00ED00E02DE9F04F0F461446F6
:1028700006464FF000084B4D85B0B84580F28E807B
:10288000D6F80490B9F1000F35D0B9F11F0F40F21E
:10289000838019F01F0F7FD1D6F800A01AF01F0F08
:1028A0007AD1504605F062F8834609EB0A000138F8
:1028B00005F05CF883456FD11BF1160F6CD05C45B9
:1028C0006ADDC5F898B0D5F89C10C5F898B0D5F871
:1028D000A03021F01F0143F01F0AD6E900321A444C
:1028E000994202F1FF391BD1CA4508D131465FFA3E
:1028F0008BF005F044F808F101080C36BDE73146CD
:10290000C5F898B0D5F89C30E0B263F30402C5F87E
:102910009C2005F034F810F1160F3DD0441CEAE776
:10292000C5F898B0D5F8A020013B23F01F0302F0B2
:102930001F021343CA453146E0B2C5F8A030E8D0C3
:1029400005F01DF810F1160F26D0C5F898B0D5F88F
:102950009C209DF808300AF1FF3A62F304038DF8D9
:102960000830D5F8A0309DF808205B0863F34712C3
:102970008DF80820D6E900321344009323F01F039A
:102980005344A3EB0903013023F01F036946C0B28F
:102990000393FFF757FFBEE76FF01504204605B01D
:1029A000BDE8F08F00ED00E00522044BC3F8942051
:1029B000BFF34F8FBFF36F8F704700BF00ED00E094
:1029C000BFF35F8F0022024BC3F89420704700BF13
:1029D00000ED00E010B5034C2278FFF745FF2070B2
:1029E00010BD00BF120A00202DE9F74F294D8A467D
:1029F00006464FF00008AB46274FD0451BDAD6F805
:102A00000490B9F1000F3FD031680846019104F0FD
:102A1000ADFF0199044609EB0100013804F0A6FF5F
:102A200084424FF014021D4B08D002FB08F36FF0F4
:102A300015024BF8032003B0BDE8F08F14F1160F18
:102A40002C60F8D01978A142F5DD02FB08B0C7F878
:102A50009840C7F89840D7F89C4000F10801007BE7
:102A600064F304000871D7F8A0000C79400860F303
:102A700047140C71D7F89C1021F01F016960D7F83A
:102A8000A01021F01F01296108F1010814350C364E
:102A9000B3E700BFE407002000ED00E0120A0020C9
:102AA000F0B55349534DD1F890302C68C3F3072348
:102AB0009C4287B000F299800020FFF781FF4E4BC7
:102AC000C1F8C030844216D14C4D01A82C70FFF7DC
:102AD000BBFA002607464A4CB74213D100202B7898
:102AE0004349D1F89020C2F30722934277DBFFF7E6
:102AF0005BFF002046E0696801EB0011FFF78AFEEA
:102B00000130DFE70199300101EB0613DA6822405A
:102B1000B2F1807F52D00AD8B2F5001F34D0B2F59E
:102B2000800F3ED0B2F5801F12D00136D4E7B2F14B
:102B3000006F43D0B2F1805FF7D15A689B680958A3
:102B4000013B22F01F00034423F01F03012032E069
:102B50005A689B680958013B22F01F00034401207A
:102B6000844623F01F0340EA4C10CDE902218DF882
:102B7000100002A928780593FFF764FE00282ADADE
:102B80006FF0150007B0F0BD5A689B680958013B0B
:102B900022F01F0003444FF0020C012023F01F031A
:102BA000E1E75A689B680958013B22F01F00034483
:102BB000062023F01F034FF0000CD4E75A689B68EF
:102BC0000958013B22F01F0003444FF0030C012081
:102BD00023F01F03C7E72B7801332B70A5E7C1F85B
:102BE0009830C1F8A00001337BE74FF0FF30C9E710
:102BF00000ED00E0D4AB0000AAFF4400120A002060
:102C00000000F0FF08B50649064821F00701C1F1B0
:102C1000005202F5802204F02CFD002008BD00BF08
:102C20003F210020F807002008B5244A244B1A60F1
:102C300000F0A2F94FF47A612248D0F82436C3F3A9
:102C40000802C3F309434B4382F480721E49883261
:102C500001FB02334FF4FA215B00B3FBF1F201FBFD
:102C600012331A49B3F57A3F28BF0132C1F804295B
:102C7000D0F820364FF47A60C3F30802C3F3094357
:102C8000434342F21C5082F4807202F2172200FB8E
:102C900002334FF47A701B0AB3FBF0F200FB1233DD
:102CA0000020B3F5FA7F4FF0010328BF0132C1F8CD
:102CB0001C27C1F80009C1F8003608BD0020A10793
:102CC0005002002000C0FF00F82A008000001250CF
:102CD00048B1054B054A1B68B3FBF2F35843044B5C
:102CE00043F00103184770475002002040420F0094
:102CF00050AB000008B5254804F075FE10B96FF020
:102D0000120008BD214804F06EFE0028F7D02048CC
:102D100004F069FE0028F2D01D4804F064FE00288B
:102D2000EDD01B4804F05FFE0028E8D04FF4B0114E
:102D3000184804F03DFE0028E3D14FF4B0111648C6
:102D400004F036FE0028DCD1104804F04CFEA0B997
:102D50004FF4B011114804F02BFE0028D1D14FF4EC
:102D6000B0110F4804F024FE0028CAD1BDE8084085
:102D70004FF4B0110B4804F01BBE4FF4B0110A48D9
:102D800004F016FE0028E3D0BBE700BF0CA0000053
:102D900028A0000004AC00000CAC00002CAC00002B
:102DA00024AC00001CAC0000FCAB000008B540F6F1
:102DB00035420023024803F093FB002008BD00BF0A
:102DC0003800002008B540F635420023024803F0E1
:102DD00087FB002008BD00BF0800002008B506489A
:102DE00004F001FE30B1BDE808404FF4D0110348B3
:102DF00004F0DEBD08BD00BF0CA0000014AC000054
:102E000073B50D4B0D4C93E80300CDE9000120464E
:102E100004F0E9FD48B1A3681E684EB16B460A2272
:102E20002C212046B04702B070BD6FF01200FAE7C7
:102E30006FF05700F7E700BF30AB00005CA1000067
:102E4000084B1A691268920448BF80F0010028B14B
:102E50009B68DB684FF40051024818479B681B6968
:102E6000F8E700BF0CA0000010B50D4C237813B19B
:102E7000012B0ED010BD0120FFF7E2FF20460123F9
:102E800000F8083B43F60952BDE81040002303F068
:102E90005BBB0020FFF7D4FF02232370EAE700BFEB
:102EA00000000020062307B58DF8043001230948EF
:102EB000ADF80630009004F096FD38B14FF4D01113
:102EC000684604F075FD03B05DF804FB6FF0120076
:102ED000F9E700BF28A0000030B50D4D85B04FF0D8
:102EE000FF324FF0FF330B4801A902F0FDFF00282D
:102EF000F5D1094CAC42F2D2236813B1019A934246
:102F000003D1D4E9013101A898470C34F2E700BF9E
:102F100028AB0000C00200201CAB0000F0B5174633
:102F20001E4685B001909DF82800DDE90C5423462B
:102F30002C432A468DF808008DF80910ADF80A7068
:102F4000039608D0FFF742FC0849D1F880400849B1
:102F500009588C4201D100221346064801A906F007
:102F6000E5FC00EAE07005B0F0BD00BFA00600205F
:102F700008000000C00200200122024BC3F8042414
:102F8000704700BF002008E0084B70B5C31A0D461B
:102F900007499B10044659434022064804F02EFD81
:102FA0002B4601462046BDE870401847180800200F
:102FB000B76DDBB6D49F0000402373B50B4C009374
:102FC000041B0B460D460A49A41061430646094AF4
:102FD000094804F03EFD014628B130462B4602B0B8
:102FE000BDE87040184702B070BD00BF180800204F
:102FF000B76DDBB6C17A0000D49F0000F8B500229F
:103000000121054640F20510FFF7E6FA114801F0EC
:1030100065FD0446D0B9286900F0C6F901F07EFDCF
:103020002F690D49384604F0C3FB031E09DB012656
:103030003E642D69084905F11C0004F0B9FB031E2C
:1030400002DA1C462046F8BDEE64FBE76FF004048C
:10305000F8E700BF0D31000034AC00001FB50022BE
:1030600001236C46CDE902236B46074ACDE90044B3
:1030700004F01FFD28B943F609520023684603F007
:103080008BF804B010BD00BFD37A000010B5EFF389
:103090001184202383F31288BFF36F8F074A1368CC
:1030A00023F00201DB07116002D4012006F0F8F8DA
:1030B00084F31188BFF36F8F10BD00BF6808002034
:1030C0000C22104B014602FB0033002030B4D3E940
:1030D0000E529863EFF31180202484F31288BFF31B
:1030E0006F8F1C6C04F0C00444F002041C6480F375
:1030F0001188BFF36F8F1DB12B4630BC02481847B3
:1031000030BC704718080020D49F0000032808B581
:1031100011D0042802D0022809D008BD084B186C31
:1031200010F00700F9D1BDE80840FFF7C9BF00F073
:1031300049F90120F7E7BDE8084000F051B900BFA8
:103140001808002010B4EFF31180202282F31288B7
:10315000BFF36F8F16490B6843F0020413F00103AD
:103160000C6017D0134BD3F80C3413F4803311D008
:10317000EFF3118182F31288BFF36F8F0E4A136C45
:1031800003F0C00343F00203136481F31188BFF31B
:103190006F8F012380F31188BFF36F8F1BB1002065
:1031A00010BCFFF78DBF012010BC06F071B800BF46
:1031B0006808002000E0105018080020C3B21C204E
:1031C000014A00FB0320704718080020F8B50122CF
:1031D00006462449D1E8EF3FC1E8E02F0028F9D1A5
:1031E00033B9214921484B60CB608A6004F0F3FA7F
:1031F000731E012B2AD806F029FC044648B1EFF3D0
:103200001185202383F31288BFF36F8F0124184F99
:103210000DE0184B1B78002BF1D00422144B05460F
:10322000C3F80823F3E794B1284604F090FBD7F8DD
:103230004C24D7F84C34D203F5D59B0701D0012E8E
:10324000F1D14CB185F31188BFF36F8FF8BD002128
:10325000202006F099FCEAE70422054BC3F804237A
:10326000F4E700BF14080020040800203408002000
:1032700000E01050340B002001220B4BD3E8EF1F6D
:10328000002903D1C3E8E02F0028F7D10BD1002398
:10329000064AD360064B1146536003239360054BE7
:1032A000186804F098BA7047880800207008002059
:1032B0007D3300006C08002007B500220023084879
:1032C000CDE90023074A002303F0E4FE064B18680B
:1032D00004F0CCFA0022054B1A6003B05DF804FB41
:1032E0008802002048E801006C08002088080020BF
:1032F00073B51D4D4C21AE682846F36898471B4CAA
:1033000070B100231A462370217809B1012A1FDD0C
:10331000174A138005F0CCFF0123237002B070BD63
:103320000C216A462846336998470028E9D1114A9A
:10333000019B93FBF2F3009A03EB82030C4A1BB24E
:10334000B2F900209A1A002AB8BF524212B2DBE743
:10335000094A0139136821700133136002B0BDE8D6
:103360007040FFF7A9BF00BF40A10000130A002072
:10337000040A002090D003008008002008B5074808
:1033800006F0A6FA28B905F093FF0122044B1A7043
:1033900008BD0448BDE8084003F032B840A1000071
:1033A000130A0020EC010020034B044A186000239C
:1033B0001360034A136070476C08002084080020E3
:1033C000800800200022024B1A70FFF755BF00BF93
:1033D000130A0020014806F0CCBC00BF8802002080
:1033E000024A136801331360FFF766BF84080020A8
:1033F0002DE9F04340F206354768D00648BF4FF04C
:10340000030C3B7C02EA050558BFC2F3401C87B0A1
:1034100001F01F06B5F5837F144646EA43168DF882
:1034200003C045D00DD8062D44D005D8A5B1022D36
:1034300012D06FF0150038E0B5F5807FF9D1012585
:103440000AE040F20222954236D0B5F5407F35D0F1
:10345000B5F5007FEDD10425220331D501237A682B
:103460008B405360B86890BB5F2E06F01F034FEA95
:10347000561175D83C4A52F82120C4F3004102EBA2
:103480008302D2F8803081F00101C4F3404423F478
:10349000706344EA410423F00F031C4344EA8C04A4
:1034A00044EA0524C2F88040002007B0BDE8F0835C
:1034B0000925D1E70825CFE70625CDE70525CBE788
:1034C000630341BF01237A688B409360CAE73146AA
:1034D0000DF1020206F0B9F814F4403F80460CD119
:1034E0003146B86806F0CAF8B8F1000FDCD19DF893
:1034F0000210B86801F0C0FDD6E74FF0000901AB3B
:10350000CDE90199CDE90439CDF80C903146B86880
:1035100003AA05F0E3FF4845C6DB14F4003314D0DA
:103520009DF80330C4F3004484F001048DF80E309C
:103530008DF80C508DF80D404B463146B86803AA03
:1035400001F0ECFC0028CFDAAEE7CDE904330DF151
:10355000030303933146B86803AA05F0BFFFF1E700
:10356000203350F82330FFDE50AC00004209022A1D
:10357000034670B503D0012A18D0CAB170BD0E4EF3
:10358000326951680029F9D0012503F01F030C6846
:103590009D400029F2D08A682A4002D030464B680C
:1035A00098473CB1236821461C46F2E7034EE7E703
:1035B000034EE5E72346F6E728A000000CA0000034
:1035C000F09F000038B54568A868C0B106F050F813
:1035D0000146A0B9A86801F017FD044688B9024663
:1035E0000949A86806F02EF822460121DB20FEF7E3
:1035F000F3FF2246012140F20D10FEF7EDFF0020FF
:1036000038BD6FF00400FBE76D350000F0B545688C
:103610001646A8682A7C01F01F0487B044EA4214C9
:10362000002868D0B6F5001F04D1214606F078F8CE
:10363000002051E00020B6F5800F01AA01905060F3
:1036400039D1B3F1007F14BF052304238DF8043072
:103650000023CDE904230393EB680DF1030723FA5C
:1036600001F111F0010139D1B6F1A07F36D104F09A
:103670001F035F2C4FEA541003F120033ED8214A68
:1036800052F8202052F82330DB0727D43A4621464F
:10369000A86805F0DAFF163018D002972146A8680E
:1036A00003AA05F01BFF002816DB01222146A868AB
:1036B00005F0E6FFBCE7B3F1C06F05D0B3F1007FC2
:1036C00014BF01230223C1E70323BFE73946A868DB
:1036D00001F0DCFC0028E0DA07B0F0BD3A462146F4
:1036E000A86805F0B2FF0028D8D19DF80310A8689B
:1036F00001F0C2FCD2E76FF08500EDE751F823300E
:10370000FFDE00BF50AC0000044B054A012193626C
:10371000044AC7201A600022FEF75EBFB0080020EE
:10372000FC01002000700C502DE9F74F446807465B
:10373000E3684FF0000818331D464FF0010B01936A
:103740006368434504DC237D002B6ED1002049E0F3
:103750000C2303FB08F6D4F808A05AF806000AEB7D
:10376000060906F0B5F8002872D099F80410B9F8E7
:1037700006905AF8060049F48032D0F810C019F0CB
:10378000010FDCF800300BFA01FE14BF43EA0E0310
:1037900023EA0E03D0F808A0CCF80030DAF80030A5
:1037A0009847F8B945F8187C2846216906F042F98F
:1037B000237D1BB108F101084835C1E7D4F808A002
:1037C000254A0AEB060999F80430A5F114010BFA11
:1037D00003F345E904235AF806008368DB6923B93B
:1037E0006FF0570003B0BDE8F08F01229847002822
:1037F000F8DB99F804105AF8060004F036FB05F8D7
:10380000080CB9F806305AF8060099F8041003F0CD
:10381000400382689669002EE2D04FF0A07243F018
:10382000C063B0470028C5DADCE747F6122540F24E
:10383000E730002124684FF47A720023E4FB05018D
:10384000FDF756FE02460B46019802F07DFE7DE72D
:103850006FF01200C6E700BF937E00007FB50346FD
:1038600053F8185D04466968CA689B1A104ADB1051
:1038700053438A68D618D058317904F0F6FA031EFB
:1038800014DB14F9082C9A4210D04FF0FF304FF09F
:10389000FF3104F8083C3289CDE902010121003BE7
:1038A00018BF012328460091FFF738FB04B070BD14
:1038B000ACAAAAAA2DE9F041456804460669286821
:1038C00006F006F818B96FF01200BDE8F081304636
:1038D00006F03BF87461AB68BBB904220B212046AB
:1038E0006B7C04F026FB0028EFDB06220B21204630
:1038F000AB7C04F01EFB0028E7DB01232046BDE87B
:10390000F0411A460B2104F014BB05230621204682
:103910002A7C04F00EFB0028D7DBA86805F0D8FF4E
:103920000028D0D0B5F80EE0A868297B4EF480328C
:103930000127D0F810C01EF0010FDCF8003007FAA4
:1039400001F714BF3B43BB43D0F80880CCF80030EC
:10395000D8F8003098470028B7DB01272B7B1A4A9C
:1039600007FA03F3C6E90723A86806F1180183687C
:10397000DB6913B96FF05700A7E73A46984700286C
:10398000A3DB124BB362EB89A868297B03F04003E9
:1039900086680269B669002EECD012688F40174223
:1039A0000CBF43F0B86383F0707323F0794323F4C2
:1039B0007F0323F47F434FF0A07223F0BF03B0478F
:1039C00000288ADA81E700BFE57E0000D1390000D7
:1039D000262300222DE9F04F044650F8100C91B038
:1039E000D0F804901146009306AB04F07FFA00284B
:1039F00005DA204602F004FD11B0BDE8F08F002684
:103A0000234F97F8008097F801A008F140036B441A
:103A100013F8273C1AEA030F13D0216931B10123AF
:103A200054F8100C0D6803FA06FB11BB08F10102F3
:103A30005346002154F8100CD2B204F07AFA002850
:103A4000D7DB01360E2E07F10207DAD1D9F80800CC
:103A500099F80C500669836805A95B6898470028A7
:103A6000C7D1059B32685A400123AB401A42C3D0EC
:103A7000BFE78A681BEA020203D04B6803909847AD
:103A800003981DB12B6829461D46CEE72B46FAE761
:103A90009DB40000036803F01F025F2B02604FEA31
:103AA00053129ABF024B53F822000020704700BF08
:103AB000F8AC00002DE9F04F1646804640F2FF1AA0
:103AC00000EB81094E4985B0C14503D1002005B006
:103AD000BDE8F08FD8F80020C2F3C323082BC2F34F
:103AE000080400F28A804748544508BF4FF0FF346D
:103AF000B2F1506FC55C4FEA12630AD20C2B0CD89E
:103B0000DFE803F00E1E5A572252570B0B0B0B5DCA
:103B10006700382B60D04E2B4ED06FF08500D6E773
:103B2000C6F80446621C3CD003A80394FFF7B2FF1A
:103B30000123039A9B4603FA02F21F46426012E0F9
:103B4000C6F80C46002740E04FF0000BC6F80046D0
:103B5000601C26D0012703A80394FFF79BFF039A5C
:103B600007FA02F28260D8F8002003A8130444BFC9
:103B70004FF0010B002701920394FFF78BFF039C8A
:103B8000019A00EB8400D0F88040C2F341222D025C
:103B900045EA82053D430C40254345EA4B05C0F804
:103BA000805008F104088FE74FF0010BC6F8044677
:103BB000CEE7C6F80846C5E7C6F81046B2E7C6F82D
:103BC0000046002DBED100270825631CE9D0BB4666
:103BD000C9E7C6F80446F4E703A80394FFF75AFFC1
:103BE000039B012700EB8300D0F8803023F0E043F3
:103BF00043F08043C0F88030E7E76FF0150066E7D8
:103C0000F0F0FCFFB9B4000017289FBF054B5843E4
:103C100000F5742000F510709ABF086000206FF066
:103C200015007047A086010010B5134CA1421DDDA0
:103C3000124B98421ADCA04204DC00236FF02100F2
:103C4000138010BD994201DD1723F7E76FF43A6343
:103C5000A0F55B2018440A4BB0FBF3F010805843EA
:103C600000F5742000F51070884202D96FF015003D
:103C7000E7E70020E5E700BF3F420F00A05A32000F
:103C8000A0860100F7B5284E0C46737831780546BA
:103C9000194317460BD07378022F327803F00F03C5
:103CA0000FD0032F2CD06FF0850003B0F0BD02239E
:103CB000009326223346806A04F018F90028EADAD5
:103CC000F3E795F82C1001290FD1012A01D80CD166
:103CD0005BB10123A340DBB2009308220221A86A52
:103CE00004F059F900280FDADFE7012304F1080294
:103CF0000821A86AD2B203B0BDE8F04004F019B9B7
:103D000095F82C10012903D0002304F10802EFE7F5
:103D1000012A02D8F8D1002BF6D00123A340DBB250
:103D200000930023D9E700BF140B00200122014BB0
:103D30001A60704700700D500C2903690BD15B6A43
:103D4000064907484B4393FBF0F100FB1133116028
:103D50000020536070476FF08500704790D00300DB
:103D600040420F000022044B0069C3F80021D3F841
:103D7000003102F0DDB900BF00700D507FB505695C
:103D8000AB6A63B321F040010C292BD105F1100679
:103D90004FF0FF324FF0FF33304602F007F9134B7C
:103DA0000024019303236946A86A0394029303F055
:103DB00012FD4FF0FF324FF0FF33284602F0ECF9CE
:103DC000A86A03F053FD0A4BD3F808256A62012262
:103DD0005A60304602F05CF9204604B070BD6FF0C6
:103DE0000A00FAE76FF08500F7E700BF2D3D0000FD
:103DF00000700D5010B504690020FFF7DFF9A062D4
:103E00004FF0FF320021204605F0A6FD04F110001E
:103E100005F09BFD00220121D720FEF7DDFBD72016
:103E2000FEF7BEFB0122024B0020C3F8042310BDA5
:103E300000700D5037B5472915461C46406806D01E
:103E40004F292ED02C2912D06FF085000DE00A2AC0
:103E5000FAD10422032100680DF1070304F062F88F
:103E600018B99DF80730C4E9003003B030BD022A0C
:103E7000EAD10522294600680DF1070304F052F843
:103E80000028F2DB9DF807301BB923606360002037
:103E9000EBE713F00A0318BF01231B4AC4E9003201
:103EA000F5E70722022100680DF1070304F03AF854
:103EB0000028DADBEDB2133D052DC5D8DFE805F0AB
:103EC000030A0F14191E9DF8072002F001020023B7
:103ED0002260DBE79DF80720C2F34002F7E79DF878
:103EE0000720C2F38002F2E79DF80720C2F3C00268
:103EF000EDE79DF80720C2F30012E8E79DF80720E0
:103F0000C2F34012E3E700BF20A1070037B50A2A39
:103F100044681D6830D12C2915D047292CD10123A4
:103F2000206835B90522032103B0BDE8304004F014
:103F300000B80022032103F0FCFFF8B9012304229A
:103F400003212068F0E75A680D4B0E4803FB052259
:103F50000DF10603114604F055FC10F1160F0DD0BB
:103F6000012202219DF80630206803F0E2FF28B903
:103F7000012302460221E4E76FF0850003B030BD63
:103F800040420F005CAE00002DE9F04F446887B05E
:103F9000206805F09DFC002800F04E810A220521D2
:103FA00094F86630206803F0C4FF002840F0888051
:103FB00010254FF07E5BDFF888A204F144076FF014
:103FC000004357F8040F98423DD0FDF701F89D4992
:103FD000FDF706F95146FCF747FF01465846FDF745
:103FE000FFF89949FCF73EFF8046B4F86400FCF7FF
:103FF000EBFF01464046FDF73FF8FCF7A5FB266EB8
:10400000FDF7EEFB804689463046FCF77BFB4246D7
:104010004B46FCF7F1FBFCF7B1FE83020644B3FB11
:10402000F6F6C6F38D0320688DF81430022306F0EF
:10403000030600932A46032105AB8DF8156003F0B3
:104040008FFF00283CD10235EDB2182DB7D16FF0AB
:10405000004704F1540656F8043FBB4222D041F217
:104060008832C3F5C02303F2AE535A434CBF77499D
:104070007749784B4BBF8918891891FBF3F3B1FB53
:10408000F3F3C3F38D0203F0030320688DF81530BA
:1040900002238DF8142000932A46032105AB03F078
:1040A0005FFF68B91A2D0ED1626804F10C05114644
:1040B000284605AB04F04DFC163006D16FF0150014
:1040C00007B0BDE8F08F1A25C5E70C2203219DF843
:1040D0001430206803F02DFF0028F1D1A268284693
:1040E000114605AB04F035FC1630E7D00D22032154
:1040F0009DF81430206803F01CFF0028E0D1626AAC
:10410000E16A05AB511A013104F1280004F07AFB91
:104110001630D3D094F840102068FF29BDF8142041
:104120009DF8143057D10822032103F002FF002824
:10413000C6D1626C4848114605AB04F063FB1630EB
:10414000BCD002229DF814301146206803F0F1FE25
:104150000028B5D10E22032194F86730206803F0BF
:10416000E8FE0028ACD10F22032194F868302068C3
:1041700003F0DFFE0028A3D10123242205212068BB
:1041800003F0D7FE00289BD101230C2205212068D3
:1041900003F0CFFE002893D194F86A30002B3FD172
:1041A00094F8662094F86B30002A42D0062203214E
:1041B000206803F0BEFE002882D194F86930002BFD
:1041C0003FF47EAF012304220321206807B0BDE83D
:1041D000F04F03F0AEBE0225520803F001038DF844
:1041E0000C208DF80D3008220321009503AB03F05D
:1041F000B7FE00287FF464AF94F84020174B206886
:1042000033F8123003215A0803F001038DF810200F
:104210008DF811300A22009504AB03F0A1FE86E769
:10422000012350220321206803F083FE0028B7D029
:1042300046E743F00203B9E76FF0120040E700BF22
:104240003393884300007A440FCF5B3BC4C3E1FF44
:104250003C3C1E0078783C005CAE000070AF000073
:1042600070B53A2914464568036917D8352905D829
:104270000C2900F0B7806FF085003DE03639042945
:10428000F9D801A252F821F0D5420000874300007E
:1042900077420000E1430000FB42000047398AB248
:1042A000082AE8D80829E6D801A252F821F000BF70
:1042B000DD430000774200007742000077420000B3
:1042C0007742000077420000CF430000D94300004E
:1042D0000F440000188841F2883358434FF47A7233
:1042E00000230021800AFDF7B3F84FF47A7312FB24
:1042F00003F220606260002070BD95F86620002AFD
:10430000B9D09888FCF760FE01464FF08940FCF771
:1043100067FF4FF07E51FCF7A5FDFDF7E1FB064678
:10432000B5F86400FCF750FE01463046FCF758FF34
:1043300001463848FCF796FD01464FF07E50FCF7E9
:104340004FFF3549FCF78EFD4FF04F410546FDF715
:1043500031F80028CFD14FF09E412846FDF73EF8B6
:104360000028C8D12846FDF74DF82060FCF730FE44
:1043700001462846FCF776FD2849FCF77DFEFDF74F
:1043800041F86060B7E758889B7A0D2B10D80B2B4B
:1043900010D8042B13D00023584340F2FF3390FB76
:1043A000F3F000231E4AC117FDF752F82060A1E781
:1043B0000F2BF0D17D226B6A5343642204E0EB6B38
:1043C0006A6B5B425343AA6B93FBF2F3E4E71B7AFD
:1043D0002360002363608EE75B7AF9E7686AE0E7B1
:1043E000E86BDEE7D8880F4B4FF47A7258430E4BD8
:1043F00090FBF3F000F5C02000F2AE500023C1178F
:10440000FDF726F84FF47A7320605A4372E7DB7A9F
:10441000DEE700BF0FCF5B3B339388430024744932
:1044200040420F0078783C0078ECFFFF70B50369DC
:1044300086B0456804461422002101A81E6805F0D4
:10444000E2FC05238DF80430002386F863306368AE
:104450000D4A1B68C3F808236B689B070ED5EFF362
:104460001185202383F31288BFF36F8F022120462A
:1044700004F067FB85F31188BFF36F8F204601A915
:1044800004F089FA06B070BD3002180038B5044651
:1044900045680121E86804F045FB636819686B69A9
:1044A000C1F82435EA8BAB8BA87E13432A8C1343C7
:1044B0006A8C13436A7E9BB20243287E02431343F5
:1044C000C1F86C352569286878B100221A4908308E
:1044D00005F043FC2B68DC6328680022174968302C
:1044E00005F03BFC2B68C3F89C4061680B68D3F86F
:1044F000002242F48022C3F800220822C3F80025DB
:10450000CA6A0121C3F83C270022C3F84027196575
:10451000D3F830110029FBD0C3F80025636859682F
:1045200011F0020106D1D8681C6804F0FBFA0823D8
:10453000C4F80035002038BDB98C0000C98A0000DD
:104540002DE9F84304460E46456805F07FFAD0B9D8
:10455000304B1B7883F001036268D2F80080A3B966
:104560004FF02009642763681B68D3F83031002BB3
:104570003ED1012004F055FE013FF4D1002120205E
:1045800005F002FBEEE70123E6E720222369EFF3C3
:10459000118782F31288BFF36F8F61680968D1F8C1
:1045A000301121B987F31188BFF36F8FEFE71B68D4
:1045B00053B1D3F8A4203AB1D3F8B420002A03DAD7
:1045C000D8F84427C3F8B420EB6A01221E702046B5
:1045D000E96A04F0FCFA6B689B0744BF4FF4805310
:1045E000C8F8043387F31188BFF36F8FBDE8F883F1
:1045F000EFF311831F4689F31288BFF36F8F626850
:104600001268D2F83021002ADED183F31188BFF37B
:104610006F8FB3E7340B00202DE9F04F1F46D0F821
:104620000490036985B01C68029399F808308346AA
:1046300088461646D9F80050002B40F0A88094F820
:104640006330002B40F0A68094F8642002F0FF0352
:10465000002A40F09F80791C7DD0D9F810104FEAD5
:10466000E77CA1FB070E00234C4A01FB0CE1FCF7A1
:104670003FFF40F2FF33984228BF1846C5F878053F
:10468000D5F8003243F00053C5F8003227EAE7734B
:10469000DA171F3342F100025B0943EAC263520991
:1046A0004FF0000AC4E91632C4E91086C4E912AA20
:1046B000C4F850A0D9F8042092075CD5EFF311821A
:1046C0002021039281F31288BFF36F8F0221584695
:1046D00004F06CFA039A82F31188BFF36F8FD9F854
:1046E0000420930747D594F86120002A43D0B242B2
:1046F00028BF324693464046D9F8281005F05DFBA6
:10470000B6EB0B06D84428D194F86120A2EB0B023B
:10471000D2B284F86120D9F8280000EB0B0105F033
:1047200059FB029B03F1080ADAE8EF3F43F0040368
:10473000CAE8E23F002AF7D10122C5F34343C5F39B
:10474000043502FA05F5164A403342F8235000209A
:1047500005B0BDE8F08F1A46A2E701370BD0C5F8C7
:1047600010A1D5F81031D4E91623CDE9002304F1C6
:10477000080002F08FFC0B4BC5F80487C5F80867EA
:10478000C5F80433012384F86330AB62DFE76FF0D0
:104790008500DDE76FF00F00DAE700BF40420F0051
:1047A00000E100E02002180070B40C4CD4E90015C0
:1047B000501A63EB0506400940EAC6602026E0FB7C
:1047C0000615C4E90015002400250549C1E90023A8
:1047D000044BC3E9004570BC02F066BB980500209D
:1047E000800500209005002008B500220121E4206A
:1047F000FDF7F2FE174A0020D2F8183723F44033B1
:1048000043F40033C2F8183700F088FD002820DB9D
:104810000120114900F00EFE00281ADB00F058FDBF
:104820000E4B20F01F00C3E900010D4B0022C3E92D
:1048300000014FF0FF304FF0FF310A4BC3E9000198
:10484000094B0A49187A00F053FD67220020084BF3
:104850001A6008BD00200E504C0200209805002070
:10486000780500208005002044020020A9470000B0
:10487000B409002008B500F02BFD064AD2E9003249
:10488000C01A054B61EB0201C3E90001400940EA8F
:10489000C16008BD9805002090050020F7B5224BA7
:1048A0000146224F187A224BD7E90056D3E900235C
:1048B0009E4208BF954211D1B1F1806F0ED24901DD
:1048C000012938BF012101224D1946F10006C7E92F
:1048D000005603B0BDE8F04000F032BE154BDFF8E3
:1048E00058C0D3E90043DCE9002CA41843EB0C0CBE
:1048F0004FF0200E22466346C1FB0E23954276EB15
:104900000301C7E900230DD2291B66EB0C04C8295B
:1049100074F10004B4BF01210021009100F0DAFD20
:1049200003B0F0BD0021F8E7440200208805002014
:10493000800500209805002090050020064BD3F844
:1049400040231C2A05D1D3F84403431E5842584142
:1049500070470020704700BF00C0FF0003689A073F
:104960000CD50368DB070DD50922074BC3F80C25CE
:104970000F22C3F8042501221A60FEE7034B0360EF
:10498000EF3B0360704700BF00801050F000FA500A
:1049900008B50123424A4348C2F80038424AD2F8D7
:1049A00040231C2A04BF414AC2F80C34FFF7D6FF4B
:1049B0000830FFF7D3FF0830FFF7D0FF0830FFF7CC
:1049C000CDFF00F5F470FFF7C9FF394AD2F88C30FB
:1049D00043F44063C2F88C300022D30003F57F0318
:1049E00003F54043D3F8001401310AD0D3F8001482
:1049F00039B1D3F800140132D3F80434402A0B60E3
:104A0000EBD1274BD3F84024002A44D0FFF796FF80
:104A100048B1254BD3F83423264B9A429EBF204BF6
:104A2000254AC3F84026FFF789FF18B1234B244AD3
:104A3000C3F8AC27FFF782FF48B13422184BC3F804
:104A40002426D3F83C2622F40022C3F83C261D4B32
:104A50001749D3F80026D20744BF6FF00102C3F80C
:104A60000026194BD3F8182522F00302C3F81825A5
:104A7000D3F8182542F00302C3F81825D1F88C208A
:104A800042F44062C1F88C2000221049C1F8D426BB
:104A9000C3F8A02508BDC822C3F84024B6E700BF6C
:104AA0000000125000C50D5000C0FF00003005503E
:104AB00000ED00E0001D0A1840E0A91E00A008500B
:104AC00078000A0400E0105000B0045000600D505F
:104AD000014B1B68184700BFB809002010B50C4CEB
:104AE000237993B9012323710A4B0028206018BF52
:104AF000184600F015F950B923680748002B08BF85
:104B00001846BDE8104000F035B86FF0770010BDD2
:104B1000B8090020D14A00008D92000008B5074B6B
:104B20001B6853B140F20510FDF748FD28B9BDE8F8
:104B3000084040F20510FDF733BD08BDB80900205C
:104B400038B504230A4C42F21075C4F80833012327
:104B500063610023C4F80831D4F80831D4F84C3428
:104B6000DB0304D5012004F05CFB013DF6D138BD28
:104B700000E01050074A137943B9012153711060C6
:104B80001171054A1846C2F8403470476FF077003B
:104B9000704700BFC009002000E0105010B51B4B4B
:104BA0001B4CD3F84C14D3F84C2411F4803F14D090
:104BB000900701D0FFF7C4FF0022144BC3F8402434
:104BC000C3F80821D3F8082101221A61226872B9BA
:104BD000D3F80821002AFBD011E0D3F84824D107EC
:104BE000EAD5D3F850249207E4D122681AB10422FE
:104BF000C3F8042310BDD3F80821002AFBD00022FB
:104C0000C3F80821D3F80831F4E700BF00E01050E2
:104C1000C0090020154BD3F80C24D10320D5D3F8BC
:104C20004C24D2031CD5124A517901F0FF00D1B9AE
:104C3000C3F80C01D3F80C1101215171996112686C
:104C400022B10822C3F8042300207047D3F80C21B6
:104C5000002AFBD00022C3F80C21D3F80C31F3E773
:104C60006FF0760070476FF00F00704700E0105053
:104C7000C009002070B5134C134DD4F80C3303F069
:104C80000C0303B970BDB3FA83F300260121C3F10D
:104C90001F039A0002F5807292B202F1A04202F55F
:104CA0008712166099401268C4F80813032BD8B213
:104CB0002B6808BF6E719847D4F80C3303F00C03CF
:104CC000DFE700BF00E01050C0090020712238B5B6
:104CD000104B0021C3F80823012242F210745A60DD
:104CE000C3F80011D3F800110B490A4DD1F8401355
:104CF0001C2908BFDA60D5F80C3413F4803305D0D2
:104D0000012004F08EFA013CF5D138BD034A5371FD
:104D1000FBE700BF00E0105000C0FF00C809002002
:104D2000054B0246187918B91A6001221A717047AA
:104D30006FF07700704700BFC80900200022164BB3
:104D4000C3F81021D3F81011C3F81821D3F81811A3
:104D5000C3F81421D3F814111049D1F840131C29B9
:104D600004BF01219960C3F80021D3F8002101227A
:104D70001A600B4A126852B9074BD3F80021002A77
:104D8000FBD00022C3F80021D3F800317047712214
:104D9000C3F80423704700BF00E0105000C0FF00BC
:104DA000C8090020F8B50126194C1A4DD4F80C3367
:104DB00003F0710303B9F8BDB3FA83F30021C3F123
:104DC0001F039A0002F5807292B202F1A04202F52E
:104DD0008712116006FA03F7042B1268D8B2C4F8E0
:104DE000087308D0062B10D02B689847D4F80C33E2
:104DF00003F07103DEE702236B71C4F81411D4F8D9
:104E000014312023C4F80433EEE76971ECE700BFE6
:104E100000E01050C8090020036803F01F025F2B58
:104E200002604FEA53129ABF024B53F8220000204F
:104E3000704700BF18AF0000034A4309D35C00F07D
:104E40001F001844C0B27047C3B40000F0B5064656
:104E5000002487B0114F019117F8012B06AB03EB2B
:104E6000D20313F8143C02F00702D34013F00103FD
:104E700006D10134032CEFD10023184607B0F0BD52
:104E8000074A03AD07CA85E8070055F824100A6AE7
:104E900046F824200A62002AEBD0EEE7D3B40000E3
:104EA00038AB0000F7B504460846FFF7C5FF04EB32
:104EB0004006B38A0D46DB072AD5204604F0ECFAFB
:104EC0002946204604F059FA50B1204604F06BFA06
:104ED0000023276807EB8000C0F81035C0F81035B4
:104EE0002946204604F088FA002101A8B1820195E4
:104EF000FFF792FF019B00EB8300D0F88020064B68
:104F0000134043F00203C0F88030084603B0F0BD00
:104F10006FF01500FAE700BFF0F0FCFF2DE9F04359
:104F2000044685B0084615461F46FFF785FF0E4626
:104F3000804625B3204604F02BFA18B9204604F029
:104F40001CFA18BB04EB4809B9F8143003F01C0331
:104F500013B16B78012B19D001238DF80F3000238A
:104F60003046CDE900536A1CAB1C0DF10F0104F073
:104F7000ACF9B9F8143043F00303A9F81430002F4A
:104F80003ED03146204604F003FA20B96FF01500F8
:104F900005B0BDE8F0830022397823684FEA810C20
:104FA00003EB8103C3F81025C3F8102504EB480276
:104FB000938A23F4604323F0200393827D78FDB12C
:104FC0002468B8786444D4F810750E4B2D043B4027
:104FD000C4F8103541F6F07305F4403503EA0613C2
:104FE0000005D4F810752B4300F4801003433B43B5
:104FF000C4F81035938A43EA413343F02003938287
:105000000020C5E70FE0ECFF70B590F8744005464E
:1050100090F8756044BB46222146143004F0F3FE3C
:105020002146134A2B6852F836608E4212D1002472
:1050300040F20D10C3F84441D3F844210D4A934285
:1050400008BFDB20FDF7ACFA0123204685F8743059
:105050002B6670BDCAB2920002F58070442A04BF6C
:105060001C501A580131E0E76FF07700F1E700BFFC
:1050700024AF000000A00D5090F87500024B03EB28
:10508000800004F0EAB800BF5402002010B5064BBF
:1050900090F875000C4603EB800004F0C4F800287B
:1050A000A4BF2070002010BD540200202DE9F04F55
:1050B000804658F804BB90F87540DBF814136A4B2F
:1050C000C9B253F8342007468BB0584641F400313A
:1050D00004F0BBF98203054639D50023CDE9073337
:1050E0000993614BE60003EBC404636807A8194603
:1050F0000093FFF7ABFE331D03934FF0000A5B4BA9
:105100000DF11C090293029A574912F8013B0292D1
:10511000039A02EBD3028A5C03F0070322FA03F33B
:10512000DB071AD40AF1010ABAF1030F09F10409E5
:10513000E9D14FF400310022584604F086F9009975
:1051400007A8FFF783FE0028D7D125F400350124F6
:10515000002D73D10BB0BDE8F08F454B5344049341
:10516000D9F80060002EDDD096FAA6F6B6FA86F6DB
:10517000049B1C7846EA44142046FFF75DFE07EBCB
:105180004000818AF208C1F3820305930193012351
:1051900019F8020006F0070603FA06F620EA0600F0
:1051A00009F8020006A80694FFF736FE069A11F0E9
:1051B000100F02F1200250F82260059BC6F3014651
:1051C00023D04046019A214604F0F7F806A8069439
:1051D000FFF722FE069BF6B2203350F82330C3F3CC
:1051E00001439E4207D10021204604F0B7F8314622
:1051F000204604F0B3F806A80694FFF70DFE01223E
:10520000069B02FA03F30362AAE7022E14BF0221EF
:1052100003212046059304F0A1F8059B032B03D03E
:10522000022E07D1012BE6D121464046019A04F017
:10523000C4F8E0E7032EDED1022BF4E795FAA5F3DC
:10524000B3FA83F304FA03F225EA020503F5A27226
:105250005BF8222007EB43034046B3F86410C2F327
:10526000014204F0AAF873E724AF0000D3B40000B1
:10527000D3B400000123034A03FA00F09368034308
:10528000936070476800002073B504460191EFF306
:105290001186202383F31288BFF36F8F0B4D019B80
:1052A0006A6801A81340019303F0BDFF002807DBE3
:1052B00001226B68824023EA02036B6020700020A9
:1052C00086F31188BFF36F8F02B070BD68000020B5
:1052D0004FF0FF326FF0404330B5044CD4E9000189
:1052E000824273EB0105F9D330BD00BF40270E5059
:1052F00030B50C25074B1C1894F8544005FB0433BB
:10530000C3E9031218750123034A8340C2F824330A
:1053100030BD00BF6800002000200E50F8B53E4CA4
:105320002278002A72D13D4BD3F8101521F00201EA
:10533000C3F81015D3F8101541F00101C3F810158A
:105340000521C3F8A4160421C3F8AC16072367216E
:1053500001F001000244013BD2B24FEA5101F7D102
:10536000052A56D119464FF0010C2B4E0025672017
:10537000CFB204E00CFA02F220EA0200013590FA02
:10538000A0F25FFA85FEBE45B2FA82F2F2D3013195
:1053900032750529224482F8547006F10C06E5D1D5
:1053A000012100251E489A0801FA02F212F0670F47
:1053B00018BF1D500433302BF5D1E420FDF7F0F871
:1053C000164B1849D3F8102503F5C07322F00202DA
:1053D000C3F8902340F6FF72C3F8A82100221A6098
:1053E000A3F5807004338B420260F8D101250B4B8A
:1053F0000D4A1D660D4B5D201B68B3FBF2F358434D
:105400000B4B2B43984700202570F8BD6FF07700B9
:10541000FBE76FF08B00F8E76800002000200E50DB
:1054200000210E50B0210E5040420F0050020020CB
:1054300060AB000038B5244B0D46D3F81025940717
:105440003CD4D3F8102542F00202C3F81025C0B1B5
:10545000D3F8482712F0010202BFD3F8481741F0F1
:105460000101C3F84817184BD3F84017D3F8441775
:105470004800F9D42AB9D3F8482722F00102C3F82A
:105480004827124B124A1B68B3FBF2F30E4A03EB98
:105490004313B3B1D2F84017D2F8441749000BD4E4
:1054A0004FF0FF312846FFF7EFFE044610B9287889
:1054B000FFF7E0FE204638BD013BEAE76FF07704D6
:1054C000F8E76FF07304F5E700200E50500200205B
:1054D00040420F0070B51E461546174A9DF8101041
:1054E000131893F854300C3302EBC30442F83350D2
:1054F0006660C6F313020401A1B104F1A04404F5EF
:105500006224C4F82055C4F824250C4C80000444BF
:10551000236833B1FFF7DCFEA842B14101D200237A
:10552000236070BD04F1A04303F56223C3F8205546
:10553000C3F82425F5E700BF6800002000210E50C5
:10554000F0B50E4D2B1893F8543000010C3355F87C
:10555000334005EBC3077E68641800F1A04021F0DA
:10556000004146F1000641EAC27100F5622045F8AB
:1055700033407E60C0F82815F0BD00BF68000020F1
:10558000F7B5284B284CD3F82C6304F188070EB9E3
:1055900003B0F0BD96FAA6F00123B0FA80F0834084
:1055A000DA43224926EA0306231893F8545083006D
:1055B00019440C2303FB0543DB6873B3D7E8EF3FC3
:1055C00003EA020CC7E8EECFBEF1000FF6D1C340EC
:1055D000DB0719D5020102F1A04202F56222D2F8DE
:1055E0002435D2F82025D1F800C0BCF1000FCED070
:1055F0004FF0000CC1F800C00C2101FB05452969E2
:105600000091E9688847C2E705F10C0304EBC30C7D
:1056100054F83320DCF80430E5E70A68002AB6D0F5
:105620000B60B4E700200E506800002000210E50EF
:1056300070B5847B2CBB02685F2A02F01F034FEA1F
:1056400052111FD840F60C05104E56F82120104973
:1056500002EB8302D2F880300B402B43C2F880303B
:1056600042685F2A02F01F034FEA52100AD856F828
:10567000202002EB8302D2F880300B402B43C2F88B
:10568000803070BD203354F82330FFDE34AF00008B
:10569000F0F0FCFF00210268094BC160C2F808333A
:1056A000D2F8003223F0FF5323F4BC53C2F8003287
:1056B0000123C2F8001580F8263080F828107047C2
:1056C0002264F81F00232DE9F04780F827304B684B
:1056D00005460E461746046833B1CB6803F06043B5
:1056E000B3F1005F40F042813378023B012B06D8D2
:1056F000336903F06043B3F1005F40F037819D4BA5
:10570000C4F8083395F8283003F0FF023BB16FF07E
:105710000F08EB68C4F804334046BDE8F08707F093
:105720001403B3FA83F35B0985F82830337885F8DE
:105730002430737885F82530F3682B6173686B61CA
:105740003369AB61B3682F62EB61C7F3001385F86F
:1057500029307378C4F88835C4F83821D4F8383142
:10576000C4F82821D4F82831C4F81421D4F814310D
:10577000C4F80421D4F8043117F0010318BF012341
:10578000C4F84C3717F0020318BF0123C4F81437CC
:105790003378032B00F28180DFE803F05E764A0263
:1057A0004FF48073C4F80032D5E90423C4F83C27D1
:1057B000C4F84037012323654FF00061204603F011
:1057C000F3FF0028F8D1D5E90623C4F83C27C4F834
:1057D00040374FF48063EB604FF0000817F0080982
:1057E00010D13378032B0DD0012B6A686CD1A362E2
:1057F000002A55D073682BB96B68002B00F0948099
:10580000012363606B68002B00F08E80780744BF33
:105810000023EB6079065EBFEB6843F00203EB60A8
:10582000EB6843F02003EB60EB68C4F8043373E7E4
:10583000D5E90423C4F83C27C4F84037D5E906234A
:10584000C4F80427C4F808374FF48453C4F800326E
:10585000012323610223BEE7B806D5E90423C4F877
:105860003C27C4F840374BBF4FF480734FF40073AC
:10587000C4F80032C4F800324CBF4FF480630223F6
:10588000EB6001232361A7E7D5E90423C4F80427CB
:10589000C4F808374FF48053D8E76FF015089DE738
:1058A0006A6902B963604FF0010A40F2024940F2AE
:1058B0002241204603F078FF810601D5C4F804A0F8
:1058C00010EA090FF3D095E701232365002A91D14F
:1058D0006A693AB340F2024A19EA0A0F8AD140F2E1
:1058E0002241204603F060FF10F0200F8146F3D0E4
:1058F0004FF48041204603F057FFD4F8003208B13E
:105900009A0505D401222261626040B14FF000097E
:10591000DB05E1D54FF48061204603F045FF4FF0F1
:105920000009D9E76360D5E70022D4F8C434C4F88D
:10593000C43485F828206BB19A0756BF03F00108DC
:105940006FF00D08A8F18C0813F0040F18BF6FF06A
:105950000A08E1E67B063FF5DFAE2046291D03F08D
:10596000E1FE002808BF6FF08B08D5E66FF00C0849
:10597000D2E600BF2264F81F70B50568022186B028
:105980000446284603F010FF20210646284603F06F
:105990000BFFD0B1D6B9E3684FF48041C5F80833A6
:1059A0000223E360E3682846C5F8043303F0FCFEF5
:1059B00018B1D5F800329B0502D401232B616B602E
:1059C000012384F8273006B070BD8EB3236A5E06CB
:1059D0000AD494F827303BB92846211D03F0A2FED3
:1059E00080F0010084F82700236A13F0040337D104
:1059F000C5F83831D5F83821C5F83431D5F8343107
:105A000094F8293013B194F82730F3B10023012220
:105A1000C5F80032E3602E4BC5F30431C5F80833F6
:105A20008A40C5F343432B49603341F823200CE0FF
:105A30004FF48061284603F0B7FE94F82430002B21
:105A40002FD194F82930002BE1D0A38CADF804308D
:105A50002369049363690293A3690593E36903933C
:105A6000D5F8C4349807C5F8C4342AD459072AD4C1
:105A7000DA072AD494F827309B00DBB28DF8003087
:105A800094F829300BB984F82830236A5B0703D5D2
:105A900094F82730002B96D0D4E901316846984716
:105AA00091E74FF40073C5F800322223E360084BFE
:105AB000C5F80833E368C5F8043301232B652B616F
:105AC00081E70123DAE70223D8E70323D6E700BF03
:105AD0002264F81F00E100E0036803F01F025F2B5F
:105AE00002604FEA53129ABF024B53F82200002083
:105AF000704700BF40AF0000F7B5064603F0C0FE98
:105B0000084603F0BDFE01A80196FFF7E5FF40F649
:105B10000D050C46019B2C4900EB8300D0F880302A
:105B200001940B402B43C0F8803001A8FFF7D4FF4D
:105B3000019B012700EB8300D0F880300B402B4302
:105B4000C0F88030042003F06CFB092501A8019403
:105B5000FFF7C2FF019AC368D340DB0714D401A842
:105B60000196FFF7B9FF019B013D07FA03F383603C
:105B7000042003F056FB304603F082FE042003F0BD
:105B800050FB15F0FF05E1D101A80194FFF7A4FF38
:105B90000123019A93408360042003F042FB2046D6
:105BA00003F06EFE042003F03CFB01A80194FFF714
:105BB00093FF019AC368D34013F0010F0CBF6FF03D
:105BC0008B00002003B0F0BDF0F0FCFF38B5EFF320
:105BD0001185202383F31288BFF36F8F064B9C68D7
:105BE00003F089FE85F31188BFF36F8F2046BDE86F
:105BF0003840FCF783BD00BFD009002038B50A4B00
:105C000053F82040013053F82050A54200D838BD49
:105C1000606830B1037EDB0701D403F041FE083435
:105C2000F3E723689847FAE74CAF0000012270B50C
:105C3000294B86B003201A70FFF7E0FF01F062FAEB
:105C40000420FFF7DBFF254C254D2646AE4204F12C
:105C500030040FD300F070FE204CAC4226D300F08D
:105C60007FFEFCF7BBF81F4A938923F00103938161
:105C700006B070BD54F80C3C059354F8103C0493E6
:105C800054F8143C039354F8183C029354F81C3C09
:105C9000019354F8203C009354E90A2354E90C0181
:105CA00000F058FC54F8303C5E65CEE7D4E90A2396
:105CB000B3F1FF3F08BFB2F1FF3F05D052EA030145
:105CC000206803D103F07CFF3034C6E70649183062
:105CD00001F05AF8F8E700BF340B0020F0A90000EB
:105CE00020AA000020060020379B0000002301228C
:105CF00070B586B0CDE904230F220193CDE90232BD
:105D000014234FF4A0720E4D0E4E03FB00550E49A6
:105D100006EBC016044602FB00110C4B3046009502
:105D200000F018FC337C2C7423F004033374084B0C
:105D3000013403EBC423EE606B6006B070BD00BF9E
:105D4000D0090020A005002038170020FD98000091
:105D5000380F00207FB50020FFF750FF284B03F5D8
:105D6000006282F3088883F30A880024E023254D2B
:105D700085F82230EC772C766C76AC7685F820406E
:105D80006B6A43F4E0236B6285F82340FCF7C0FBA9
:105D9000FCF79EFC4FF0FF33AB62EB62FCF780FE3A
:105DA000FCF71AFD184800F03FFC0120FFF726FF22
:105DB0000220164DFFF722FF00F0FCFD144B4FF4BC
:105DC00080625D61134B1449059301232846CDE998
:105DD0000343CDE90144114B009400F0BBFB0646A0
:105DE0002B7C284623F004032B7403F070FE20461E
:105DF000FFF77CFF31462846084AFCF749FC00BF04
:105E0000380F002000ED00E04007002020060020B1
:105E1000D00900203DB40000781800202D5C00005F
:105E2000F7B50D4604469DF82010EFF311872020AA
:105E300080F31288BFF36F8F266AE06886423FD2F4
:105E40002668B44219D0C6B1304603F062FD06F1AF
:105E5000180003F00EFF2946002554F8082F70693A
:105E600003F0ABFF3046B56703F031FE20463946FC
:105E700003F087FE284603B0F0BDA268A9B1294609
:105E8000E06903F09AFFE369A26813446269E36181
:105E9000934201D12369E3610020236A0133236225
:105EA00087F31188BFF36F8FE5E7A069236929465F
:105EB000984208BF6069801AA06103F07EFFEBE79B
:105EC00052EA03010BD0074904F1080089684D61CB
:105ED000CDE900233946224600F08CFCCBE76FF079
:105EE0002200DDE7D0090020F7B504460846EFF3AD
:105EF0001186202181F31288BFF36F8F216A002958
:105F00003AD0A268A16903F058FFA369A268256886
:105F100013446269A361934204BF2369A361236AA6
:105F2000AC4203F1FF33236235D02846002D33D035
:105F3000002703F0EEFC05F1180003F09AFE6969F2
:105F4000A268E06903F039FFE369A26828461344B8
:105F50006269E361934204BF2369E361236A013309
:105F60002362AF6703F0B3FD04F10800314603F08C
:105F700008FE384603B0F0BD52EA030111D00A49C9
:105F800089684861CDE900233146224604F10800C2
:105F900000F030FCEEE7002086F31188BFF36F8F2E
:105FA000E8E76FF02200F7E7D00900202DE9F34180
:105FB000044617461E46EFF31188202383F3128808
:105FC000BFF36F8F304BC2689B6872B18068984294
:105FD00017D057EA060216D188F31188BFF36F8FE6
:105FE0006FF00F0002B0BDE8F08193F90E1001329E
:105FF0002161C4E9023288F31188BFF36F8F00205A
:10600000F0E72169F3E793F90E1090F90E30994209
:1060100030DA9942A8BF194603F08FFC05462246A4
:106020004146CDE90076194800F0E4FB0028E6D0AF
:10603000EFF31186202383F31288BFF36F8FA068DC
:10604000D0B1236821699C420AD04BB193F90E303C
:106050009942A8BF19466FF07F039942B8BF19460D
:1060600003F06BFC40B13146084803F08AFD6FF045
:106070000A00B7E70025D2E7002DF4D186F3118896
:10608000BFF36F8FF3E700BFD0090020350B00206E
:10609000F8B583680546002B3FD0234A92689342A7
:1060A0003ED1C368012B03D9013BC3600020F8BD7A
:1060B000EFF31187202383F31288BFF36F8F0169F9
:1060C000806803F03AFC2C68A54207D10023C5E99B
:1060D000023387F31188BFF36F8FE7E7002CF5D009
:1060E000D4E90032002613605A60237CC4E90066BC
:1060F00023F002032374A66004F1180003F0B9FD35
:10610000AC6094F90E3020462B61A66703F0DFFCEB
:106110003946064803F035FDC8E76FF01500C6E7BD
:106120004FF0FF30C3E700BFD0090020350B00203F
:1061300070B5EFF31186202383F31288BFF36F8FBE
:106140000468A0421AD0CCB1D4E900320025136013
:106150005A60237CC4E9005523F002032374A56030
:1061600004F1180003F085FD2046A56703F0AFFC9D
:106170003146BDE87040074803F003BDD0E9023264
:106180009A4218BF0133836086F31188BFF36F8F83
:1061900070BD00BF350B002013B5EFF31181202433
:1061A00084F31288BFF36F8F846844B1013C84602C
:1061B00081F31188BFF36F8F002002B010BD52EA47
:1061C000030406D181F31188BFF36F8F6FF00F00C6
:1061D000F3E7CDE900230246014800F00BFBECE7B2
:1061E000350B002007B5074B4FF48062009306493A
:1061F0004FF0FF33054800F009F9002003B05DF8C7
:1062000004FB00BF64AF0000781C0020A006002043
:106210002DE9FF41044620274E4EEFF3118887F306
:106220001288BFF36F8FD4F88450F5B9022104F1BE
:106230009C0003F09DFB002868D004F19405002227
:106240000121284603F0DCFC0028F8D100234FF0A0
:10625000FF3202934FF0FF334146CDE900233E4821
:1062600004F18C0200F0D0FCD7E7D4F888202B682A
:106270009542C4F8843008BFC4F88830D4F89C3004
:1062800043F00203C4F89C30EB6823F0040343F0AE
:106290000103EB606B6888F31188BFF36F8F2846AA
:1062A0009847EFF3118887F31288BFF36F8FEB687D
:1062B000D80623F0010236D4EA60EB689A0716D5B7
:1062C000306823F00203EB6088B10021036870B1ED
:1062D0004268954235D1036869BB72683360904269
:1062E00000D17360002340F8083BFFF721FFD4F88A
:1062F0009C3023F00203C4F89C3088F31188BFF36C
:106300006F8FDB0589D400F05DFB86E7D4F89C3005
:10631000D9069BD5C4F89C0088F31188BFF36F8F12
:1063200004B0BDE8F08123F01103EB6005F110002B
:10633000FFF7FEFEC1E70B607368984208BF71600B
:10634000D0E701461BB11A6818461346BFE71A4644
:10635000FAE700BFF0090020350B0020F8B5C3684C
:1063600004469A070E46C3F3400542D45F0742D461
:106370000B680BB983680B60E368D80742BFA3685A
:1063800002253360376858BF012557B31B4B9A6805
:10639000D7F880309A421ED103F058FB80F00100FC
:1063A000C0B2D7F89C30D907C3F380021CD5F2B134
:1063B000F8B100232360D7F8883073B9C7E92144C6
:1063C000384603F0EFFAE36843F00403E360336810
:1063D000A3602846F8BD0020E3E71C60C7F88840AA
:1063E000EEE76FF0150506E06FF0120503E01B07FE
:1063F000DFD56FF00F0500233360EAE7D0090020F6
:106400000146014803F006BBA0060020F0B5044693
:10641000002089B00E9DC4E9210004F18C00C4E97C
:10642000230004F19400C4E9250055B3287900281D
:1064300040F2011008BF0120C4F89C0000204FF07A
:10644000FF364FF0FF37CDE90330CDE90100CDE94C
:10645000066720460C4B009400F0BAF855B1296845
:1064600011B1204603F0F8FA6B791BB1A38943F010
:106470000103A381204603F0A3FBC4F8804009B0C8
:10648000F0BD0120D8E700BF1162000037B50190D0
:106490000846EFF31184202181F31288BFF36F8F38
:1064A000C16811F01E0F16D153EA020508D101A9E7
:1064B000FFF754FF84F31188BFF36F8F03B030BD33
:1064C00041F00801C160019910308161034900F079
:1064D0005BFC0120EEE70020ECE700BFB399000071
:1064E00001460148FFF7D2BFA0060020F7B50C46D1
:1064F00016461D460190EFF31187202383F312887F
:10650000BFF36F8F084603F03EFA55EA060309D140
:10651000204601A9FFF722FF87F31188BFF36F8F91
:1065200003B0F0BDE368324643F00803E360019B2B
:106530000449A36204F110002B4600F025FC012061
:10654000EAE700BFB399000001460148FFF7CEBF5C
:10655000A00600202DE9F043984685B000F15803CD
:10656000C0E91633109B002683810423073222F0F2
:10657000070503740F9B01EB05090F46837349461A
:10658000C0E906668660C6730446FBF7BFFD0E9B36
:10659000073020F00700A066C4E9187502930D9B30
:1065A000A9EB000901930C9B4A46009339464346E8
:1065B0002046FCF751F8054B66659B6803B1DB6E1E
:1065C0004846E36605B0BDE8F08300BFD00900206F
:1065D000F0B5002587B00595109DDDE9127604958C
:1065E0000F9D044603950E9D02950D9D01950C9DF2
:1065F0000095FFF7AFFFB6F1FF3F08BFB7F1FF3FD0
:1066000005D056EA070305D1204603F0D9FA204603
:1066100007B0F0BD3A46334604F11800014900F0D6
:10662000B3FBF4E7379B000001230374838100234D
:10663000C0E91833C366014B98607047D009002049
:106640006FF00A01084A93689967084958674B68D0
:1066500043F080534B60002383F31188BFF36F8FA7
:106660009368986F704700BFD009002000ED00E0EC
:1066700070B590F91020037C002A2FDBD9062DD1AC
:106680001A4C63F07F032246037452F8183FE16905
:10669000934207D1C0E900210860E0610FE0994210
:1066A000F8D01B68002BF5D093F90E6090F90E50CE
:1066B000AE42F4DD5968C0E9003108605860A56950
:1066C000954200D005B9E568A3681A7CD20606D1C8
:1066D000DA897F2A03D9AA690AB9636170BDAB421E
:1066E00002D0284600F0D2FA6561F7E7D009002011
:1066F00038B590F910200146002A037C04DA03F033
:106700007F03037403F0ABF90D4D2A4652F8184F7E
:10671000AB68944200D004B9EC688B4207D01A7C75
:10672000D20604D1DA897F2A01D9A2692AB1A3420B
:1067300002D0204600F0AAFA23466B6138BD00BFA4
:10674000D0090020B3F1FF3F08BFB2F1FF3F03D0F3
:106750000249183000F018BB704700BF379B00009B
:10676000034648B9EFF3058232B9064A5169926887
:10677000914201D0FFF764BF83F31188BFF36F8F9D
:10678000704700BFD009002038B5184CA168E069F7
:106790000B68814214BF1A46002249680B60596099
:1067A000A368E1692AB9124AC3E900210B60E361D9
:1067B0000AE092F90E5093F90E00854212DD5168FD
:1067C000C3E900210B605360A569094B9D4200D0CD
:1067D00005B9E568A3689D4202D0284600F056FA44
:1067E000656138BD8A42DED01268DBE7D00900203F
:1067F000E8090020F8B5DDE906670D4B0C469868FE
:1068000011460C4A1060EFF31182202282F31288A5
:10681000BFF36F8F9D68284603F033F92846324650
:106820003B46FFF78FFF2046BDE8F840FFF708BF63
:10683000D0090020F8090020F8B50446EFF31187CD
:10684000202383F31288BFF36F8F037C49B203F0D8
:106850001F02002A0CBF0126002635D103F07F035A
:106860002A4D037403F0FBF82A46037C817363F01E
:106870007F03037452F8183FE869934207D1C4E9D3
:1068800000200460EC610DE09842F8D01B68002BFA
:10689000F5D093F90EC08C45F6DD5968C4E9003196
:1068A0000C605C60AC69944200D004B9EC68AB68E1
:1068B0009C4202D0204600F0E9F96C6187F3118810
:1068C000BFF36F8F3046F8BD9B071CD5856803F07A
:1068D000C6F881732B689D4209D16B68C4E90053E7
:1068E0001C606C60EAE76A689A42F6D01B68002B6D
:1068F000F3D093F90E208A42F5DD5A68C4E90032DC
:1069000014605C60DAE78173D8E700BFD00900202B
:10691000034648B9EFF3058232B9064A51699268D5
:10692000914201D0FFF78CBE83F31188BFF36F8FC4
:10693000704700BFD0090020EFF31181202383F3BB
:106940001288BFF36F8F054B9A68D37B013BD373DB
:1069500081F31188BFF36F8F704700BFD00900200B
:1069600070B5EFF31186202383F31288BFF36F8F86
:106970000F4DAB68DA7B0132DA732A4652F8184FB2
:10698000944200D004B9EC681A7CD20604D1DA89AA
:106990007F2A01D9A2692AB19C4202D0204600F088
:1069A00075F923466B613046BDE87040FFF7D8BEED
:1069B000D0090020024B03F11802C3E906227047F8
:1069C000D009002070B5EFF31186202383F31288DD
:1069D000BFF36F8F1A4CA168E0690B68814214BF46
:1069E0001A46002249680B605960A368E1692AB918
:1069F000144AC3E900210B60E3610AE092F90E50EA
:106A000093F90E00854216DD5168C3E900210B6041
:106A10005360A5690B4B9D4200D005B9E568A3689A
:106A20009D4202D0284600F031F965613046BDE84C
:106A30007040FFF705BE8A42DAD01268D7E700BF80
:106A4000D0090020E8090020F8B550EA0103064605
:106A50000C4603D1FFF7B6FF0020F8BDEFF3118716
:106A6000202383F31288BFF36F8F124D124BA86857
:106A70001860FFF73DFEA868234632460F491830DC
:106A800000F082F9AA680446137C384643F00403F8
:106A90001374FFF7D5FDAB68D3E90A23B3F1004FB8
:106AA00008BF002AD8D103F00CF9201A20EAE070C0
:106AB000D3E700BFD0090020F8090020379B000071
:106AC000014B9868704700BFD00900202DE9F843BA
:106AD00004468789EFF31186202383F31288BFF3DE
:106AE0006F8F037C190705D586F31188BFF36F8F6D
:106AF000BDE8F883D90943F008026FD10274A36896
:106B000013B1204602F0B3FF04F1180003F0B1F80E
:106B1000A56D04F15808A84511D04FF0000975B1D2
:106B2000284602F0A4FF05F1180003F0A2F8284659
:106B3000C5F87890FFF79CFDA56DA845EFD1DFF86B
:106B4000BC80D8F808309C4250D1EFF30589B9F1E8
:106B5000000918BF4FF00109D8F81850284A95428B
:106B600000D00DB9D8F80C50AB4202D0284600F046
:106B70008DF82046C8F8145000F0D2FEB9F1000F8D
:106B800002D02048FFF750FDD8F808309C4230D1A1
:106B9000EFF305836BBBA289D20711D586F3118869
:106BA000BFF36F8F83F31188BFF36F8F04231846F1
:106BB00002DFEFF31186202383F31288BFF36F8F78
:106BC0003046FFF73DFDFB0792D5002383F3118884
:106BD000BFF36F8F0423184602DF89E703F07F03BA
:106BE00043F00803037402F03AFF88E74FF000090E
:106BF000B2E786F31188BFF36F8FE4E7D009002076
:106C0000E809002040070020D3B5DDE90667089CAD
:106C1000CDE90067FFF7EEFD1CB1034B9B685B6994
:106C2000236002B0D0BD00BFD0090020027C034623
:106C300012F01F0210D10A4988420DD00949086894
:106C400068B1D9897F2909D893F90E20064B1B68B2
:106C50009A42B8BF00207047002070471046704726
:106C6000A00500205C020020FC0900200122044B4A
:106C7000C01A044BC0105843034B1A54704700BF4E
:106C8000C0070020ABAAAAAA350B002070B50C4B98
:106C90000C4D1E7CFFF7CAFF182303FB0655044664
:106CA000284602F0E6FF0022074B9A553CB1621ECF
:106CB0002846BDE870400549D31700F065B870BD9F
:106CC000D0090020C0070020350B00206D6C0000AB
:106CD00038B5EFF31185202383F31288BFF36F8F4C
:106CE0000F4B104A9C681068A04206D1FFF7CEFFF8
:106CF00085F31188BFF36F8F38BD00211B7C1160B5
:106D0000094AD35C002BF3D02046FFF78FFF002801
:106D1000EED0237CDB0601D1FFF736FD2046E5E708
:106D2000D0090020F8090020350B0020024B18681C
:106D3000984208BF0020704760020020034B1B6888
:106D40000BB9FDF797BD0020704700BF000A002077
:106D500030B570B10B4B5B6898420AD0036843B101
:106D6000D3E90421D0E90445121941EB0501C3E937
:106D70000421D0E9003213605A600023C0E90033D7
:106D800030BD00BF60020020B3F1FF3F08BFB2F189
:106D9000FF3F2DE9F84F0446994615461F467AD025
:106DA0008160EFF31188202383F31288BFF36F8F84
:106DB000B9F1000FDFF8E4A020DBFFF7BFFFDAE94D
:106DC0000027013549F100092D1849EBE07306460B
:106DD0004FF00109C4E90453AD1843EB0707FFF76F
:106DE000A5FF0346DFF8B8E0DEF804A0EBB9C4E97C
:106DF00000EACAF80040CEF8044028E06FF0010332
:106E0000DAE900125B1A4FF0FF3161EB02025B1B03
:106E100062EB0902012B72F10001BCBF01230022C9
:106E20004FF00009C0E90432D9E7D3E9041CD4E9E2
:106E300004208A4270EB0C0B24DA891A5A686CEB36
:106E40000000C3E90410C4E9003214605C60FFF77D
:106E50006DFF84420ED1134B1B685BB9B9F1000F73
:106E600002D1FFF76BFF0646304602F0EBFE002131
:106E7000FDF714FD88F31188BFF36F8F284639465C
:106E8000BDE8F88F521A60EB0C005345C4E90420AA
:106E9000ADD01B68AAE700252F46EFE7D8070020F2
:106EA00060020020000A00202DE9F0470246EFF3BF
:106EB0001185202383F31288BFF36F8FDFF898903A
:106EC0000026C9F800000027FFF730FFDFF88C80AC
:106ED0004FEAE27ED8E9001350B1D0E9044CA24257
:106EE0007EEB0C0A1ADAA41A6CEB0E06C0E9044613
:106EF0000024521843EB0E032046C8E90023C9F8CA
:106F0000004002F09FFE2146FDF7C8FC85F3118882
:106F1000BFF36F8FBDE8F047FFF7DABE611843EBB0
:106F2000E473C0E90467C8E90013FFF711FF85F3B4
:106F30001188BFF36F8F83689847EFF31185202383
:106F400083F31288BFF36F8FD9F80020121BC9F8A2
:106F50000020FFF7EBFEBBE7000A0020D807002067
:106F600010B5EFF31184202383F31288BFF36F8FE2
:106F7000FFF7E4FE0346054AD2E90001181841EB89
:106F8000E37184F31188BFF36F8F10BDD807002021
:106F9000F8B50646EFF31187202383F31288BFF379
:106FA0006F8F026822B187F31188BFF36F8FF8BD2E
:106FB000D0E90A54691C44F10003022973F100036B
:106FC00034D3013D44F1FF34002CBCBF15462C46A0
:106FD00002F07BFE013041F10001401944EB010158
:106FE000012871F1000149DB02F06FFE6FF002032E
:106FF000013041F10001401944EB010183426FF07F
:1070000000438B413FDB02F060FE6FF001024FF066
:10701000FF33013041F10001401944EB0104121A21
:1070200063EB040330461A49FFF7AEFE336B0133BE
:107030003363336A6BB187F31188BFF36F8F3046C8
:10704000336A9847EFF31187202383F31288BFF345
:107050006F8F334653F8184F9C42A4D0002CA2D017
:10706000204602F043FD0023A36787F31188BFF396
:107070006F8F2046BDE8F84002F029BD6FF0010295
:107080004FF0FF33CEE700224FF00043CAE700BFC6
:10709000916F00002DE9F04105461C4690461F46C1
:1070A000EFF31186202383F31288BFF36F8FB4F1BF
:1070B000FF3F08BFB2F1FF3F05D186F31188BFF350
:1070C0006F8FBDE8F081002C09DB012A74F1000309
:1070D000BCBF0122002412F1FF3844F1FF372846DB
:1070E00002F0C7FDDDE906010023C5E90A012B63B3
:1070F00042463B4628460249FFF746FEDDE700BF11
:10710000916F0000014800F0F7BA00BF4BB40000D7
:1071100038B5064C064DAC4201D3002038BD2046A0
:10712000D4E9011202F041FE1434F4E7C002002059
:10713000C00200202DE9F04F43688BB08046924694
:10714000009383789C0740F1F98000250878002897
:1071500000F0F68025280AD04B1C019301354146EA
:10716000009B98470028C0F2E3800199EEE74E7833
:107170008B1C252E0193F1D000270A22B9463C46EC
:107180001F2C22D8A6F12003102B20D8DFE803F013
:10719000141F1F1A1F1F1F0B1F1F1F121F171F1F38
:1071A000090044F00104019B13F8016B0193002EC8
:1071B000E6D13AE044F0020444F00404F3E744F07A
:1071C0000804F0E744F01004EDE77F2C24D8A6F182
:1071D0003003092B08D860064EBF02FB073744F086
:1071E000200402FB0939DEE72A2E0DD161065AF888
:1071F000043B53D4002BA7BF44F020049946C3F1AD
:10720000000944F02804CEE72E2E05D1630600F1D4
:10721000978044F04004C6E76C2E2ED028D8682E04
:1072200032D06A2E37D04C2E35D0002F46F02003B6
:10723000B8BF24F04004A3F16502BCBF0027A4B28C
:10724000022A01D9612B2BD10AF1070A07279D4E8B
:107250002AF0070A0AF1080A210760D506EB070B96
:1072600034465C455DD1AE1BA9EB0709A21959E173
:10727000742E98D07A2E96D0D7E7260648BF44F4CD
:10728000007444F080048EE7E00548BF44F40074C5
:1072900044F4807487E744F4207484E71F4682E74F
:1072A000A6F16302122A00F2D880DFE812F0130080
:1072B0004D00D600D600D600D6004D00D600D60030
:1072C000D600D600D600E800D100D600D6001A00BD
:1072D000D600A0005AF8043B012704AE8DF8103008
:1072E000BAE75AF8046B784B002E08BF1E4614F01C
:1072F000400F304614BF39464FF0FF3102F08BFD8E
:107300000746A9E741462020009B984700280FDB4D
:10731000013CA742F6D34D44A1462D1B9EE74C46A7
:10732000F7E7414614F8010B009B9847002898DACC
:1073300098F8023043F0040388F802304FF0FF352C
:1073400028460BB0BDE8F08F220630D5A3052AD51C
:107350000AF1070A2AF007039A4659685AF8080BF7
:1073600024F0100B00291FFA8BFB2FDA40424BF45C
:10737000806B61EB410104AC0A23224602F057FD09
:107380001BF0400FA0EB040200F08E802BF00104F4
:107390009742A4B240F38F80002E40F08E802BF0F5
:1073A0001104A4B21DE05AF8040BC117D8E7E00598
:1073B0005AF8041B01D40846F7E7A20547BF48B2B4
:1073C00041F3C01108B241F3C031C9E750EA0103EB
:1073D000D1D16306CFD5002FCDD124F011043A4688
:1073E000A4B23B4640F206410C4262D124E024F0B4
:1073F00010040A23A4B214F0800243D014F40071E4
:1074000017BF0AF1070A5AF8040B2AF0070292463E
:107410001CBF51685AF8080B50EA01023ED124F013
:10742000160B62061FFA8BFB3CD5002F3AD124F0D5
:1074300017043A463B46A4B221075AD4E10705D5C2
:10744000994572DDA9EB03039F184B469B464AE022
:1074500044F0100410237826CDE7782B04D1C6F130
:10746000780343F01003C6E741462520009B984768
:107470000028FFF65DAF02354146304670E608232E
:107480000026B8E714F480715AF8040BC4D014F441
:1074900000711ABFC0B2114680B2BDE724F00604E5
:1074A0001FFA84FB04AC68E713465C46E10699D5F5
:1074B0002EB90133C0E71346F8E73B46F6E702333F
:1074C000BAE700BF95B400008EB40000CDE90232E7
:1074D00041462020009B98470028FFF629AF0BF17A
:1074E000010BDDE90232D945F0DCEB1A03EB0B05A9
:1074F0005B46E10627D541463020CDE90232009BAC
:1075000098470028FFF614AFDDE902327EB9013555
:107510002F44791B8A4229DB144604AE94BB2A44CB
:10752000A9EB03091546914440E017468EE7023562
:1075300041463046CDE90232009B98470028DDE9FC
:107540000232E5DAF4E640F206410C42E0D014F0F3
:10755000020F05F10105414614BF2B20202014F431
:10756000806FCDE9023218BF2D20E5E7CDE9023268
:107570004146009B3020013598470028DDE9023262
:10758000C7DAD5E6013C4146CDE90232305D009BC9
:1075900098470028DDE90232C0DAC9E641462020DA
:1075A000009B013598470028FFF6C2AEA9EB050302
:1075B000002BF3DCD9E500BF10B100200249704771
:1075C00000200249704700BF0000F0FF0000F07F7C
:1075D00008B1024870474FF0FF407047000080FF3D
:1075E00008B502F082FC014808BD00BF0000C07F62
:1075F000704703460A4619790123006803FA01F12E
:1076000003691B68194218BF82F0010212B1836836
:10761000DB68184783681B69FBE700EBC100408803
:1076200040087047F8B50346FFF7F7FFB0FA80F05F
:10763000C0F11F0003EB800CDCF81060CA00171DBE
:107640000C4606328DB256B9012101FA00F0D96814
:107650000143D960CCF81040DD539D52F8BDF100D4
:107660000431585AD85303EBC0009E52C5805D5276
:10767000F4E7043A2DE9F843CC1D114424F0070443
:1076800021F00706A6EB04084FEAD807B7FA87F2FD
:107690004FF00009C2F12405AD000735C2F1200208
:1076A000ED0804604946A760C4F80C90920004F10C
:1076B000100002F0A8FBAAB2530043F0010363805C
:1076C0007B1B9BB204EBC5015800A4F800904880D6
:1076D00024F83520A6F8029024F8083004EBC703FC
:1076E0005A88294642F001025A802046BDE8F843F4
:1076F000FFF798BF002070470FB407B504A951F8F1
:10770000040B0191FAF77AFB03B05DF804EB04B0C7
:107710007047038B13F0070306D10368002B18BFD3
:10772000032008BF00207047022B05D1408BB0FA20
:1077300080F0400980007047012B04D10368002BC2
:1077400018BF0520EDE70020704710B50C4600B1CA
:1077500011B96FF0150010BD081D00F0ABF800283E
:10776000F9D1A368032BF6D9F3E72DE9F0410D46D3
:1077700007461946281D90461E4600F0ACF8044600
:1077800038B13346424629463846A446BDE8F04162
:107790006047BDE8F08110B4EFF31182202484F338
:1077A0001288BFF36F8F416110BC0121FAF758BBFB
:1077B00038B50C46054658B151B10B6843B14B681A
:1077C00033B11C22002102F01EFB00202C6138BDC9
:1077D0006FF01500FBE7F8B504460E46FFF7B5FF5E
:1077E000051E3BDBEFF31182202383F31288BFF3E6
:1077F0006F8F4FF6FF71638B278B8B4207F0070764
:107800002ED0062F2FD8DFE807F0182E082E1804E8
:1078100018006FF08505002303E001336383022520
:10782000012382F31188BFF36F8FBBB100233A4667
:1078300031462046FFF799FF10E00023336063686C
:1078400023B9C4E9006627B13D46E4E71E606660DF
:10785000F9E702212046FAF703FB3D462846F8BD2A
:107860006FF00A05D7E76FF00405D4E710B5EFF322
:107870001182202383F31288BFF36F8F048B04F0EF
:107880000704022C0AD0012C0CBF6FF004006FF02B
:10789000850082F31188BFF36F8F08E0438B013BB3
:1078A0009BB2438323B92146FAF7DAFA204610BD8A
:1078B0002046EEE7034658B1426802F00302012A6F
:1078C00003D0032A04D1026812B1002098607047E7
:1078D0006FF0150070474268034602F00302032A66
:1078E0004FF00002816014BF104600685A60704774
:1078F000704702F088BA02F060BA01460068FAF7F1
:10790000D1BB08B5FAF7FEFBBDE80840FAF7E6BEC2
:1079100000210120FAF7C6BB036E83F30B88704782
:107920006FF08500704761B662B680F31188BFF3CF
:107930006F8F704772B6002383F31188BFF36F8F88
:10794000BFF34F8F30BF62B6BFF36F8F704772B611
:10795000002383F31188BFF36F8FBFF34F8F20BFD6
:1079600080F31188BFF36F8F62B6704740E800F371
:1079700013F4803FD8B208BF6FF01500704730B5E0
:107980000C684B6885B00A894D890094013B24F04E
:107990001F04234402F01F0242EA451223F01F0392
:1079A00069468DF808200393FAF74CFF05B030BD07
:1079B0000346F0B40C46DA880068197922430125A1
:1079C000066942F3000303F44023346853408D40BA
:1079D00023F48012DB0787684CBF2C43AC43346030
:1079E0003B68F0BC184701F073BF0C220369C9B2B1
:1079F00002FB0133186C00F00700704770B50346B6
:107A0000C9B20069EFF31186202484F31288BFF312
:107A10006F8F0C2505FB0104246C14F0C00401D009
:107A2000A24210D1012205FB01000264002086F36E
:107A30001188BFF36F8F28B95B6803EBC1035B68E4
:107A40009847002070BD4FF0FF30F0E78022FFF72D
:107A5000D5BFF8B5069F05460469C9B2EFF3118C8E
:107A6000202080F31288BFF36F8F0C2606FB01469F
:107A7000306C00F0070EBEF1010F11D13764002603
:107A80008CF31188BFF36F8F46B90C2000FB0144C3
:107A9000C4E90E236B6853F8313098473046F8BD7F
:107AA00000F0C00087420CBF6FF077064FF0FF3642
:107AB000E6E713B580240094FFF7CBFF02B010BDBA
:107AC00010B41C240069CBB204FB0300002110BCDD
:107AD00010471046FEF72CBB08B5FBF77BFCBDE852
:107AE000084001F0EEBBFDF759B8FBF7C5BB436892
:107AF00000205B68DB680B607047436802EA0100A6
:107B00005B6821EA02015860002099607047436871
:107B100000205B6859607047436800205B6899608B
:107B2000704743685B681A6821EA02001140586098
:107B300000209960704730B50369586800B300248D
:107B4000884219D108688CB99C685860A14200D15C
:107B50009860002008602AB15A680A609A685960E3
:107B600002B9996000200FE02846E9E72060986894
:107B7000814208BF9C60ECE705680446002DF3D104
:107B8000002AE9D16FF0150030BDFDF78FBA0278F9
:107B90000B69012A07D0022A08D052B9DA6403F12E
:107BA0003C00FEF7C5BA6FF00D02F7E76FF00A026E
:107BB000F4E76FF00402F1E738B5044605690122E5
:107BC00005F12C00114601F0C7FE012205F13C0031
:107BD000002101F0C1FE2046BDE8384000F02CB97C
:107BE00000692C30FEF7D8BA00692C30FEF7A0BA35
:107BF0002DE9F04F87B004934368D0F810B0D3F864
:107C000020809B8A174603934FF0FF324FF0FF33DB
:107C100005460C46FFF7E4FF0BF13C0302930026F8
:107C2000002300220BF13C00FEF7B6FA3346BE42B9
:107C300001D3002335E0207A01077BD40136BE4210
:107C400021680BD2820709D4227D80EA020C0CF055
:107C5000010C02F004025CEA020C2BD0002B45D18F
:107C600001F06042B2F1005F43D14FF00009D4F857
:107C700000A0A388049ACBF850A000922846524650
:107C8000217A00F0A7F8031E0BDB43F6095200230C
:107C90000298FEF781FA70B3284600F063F86FF09F
:107CA000730328460293FFF79FFF029B184607B015
:107CB000BDE8F08F4FF001096268DDF80CE003EBDE
:107CC000020CF44539D8C00705D408EB030005932E
:107CD00002F073F8059B62681A4493B2B9F1000F81
:107CE00011D1002BC1D09946C246C3E74FF000091D
:107CF000E2E79946E0E7DBF84C30002B20DB237A03
:107D0000DB0702D400230C3491E7C245FAD1A24626
:107D100009E0A9EB02011FFA81F9DAF80C0018FA60
:107D200081F102F04AF8DAF80420AAF10C0A914530
:107D3000EFD2E7E76FF08503B3E76FF01B03B0E71F
:107D40006FF00403ADE713B501AA044600F054F93F
:107D5000002805DB019B226819791868FBF7AAFE49
:107D600002B010BD70B54568A86A0368D3F8004634
:107D7000D3F80466FDF78EFC31462046FDF7BCFEC5
:107D800004460021E869FFF7DEFFA86A01F070FDF4
:107D9000204670BDCA07436819D4C1F342010229C5
:107DA0000BD003290ED0012911D14FF0CC729B6A60
:107DB0001B680020C3F8242570479B6A4FF0C862F7
:107DC0001B68F6E79B6A4FF07F621B68F1E76FF074
:107DD00015007047F0B50C461D46164687B047683B
:107DE000122200210DF1060002F00DF804F001034B
:107DF0008DF80430BDF8303002958DF80530BB8C1D
:107E00000496AB420AD3C4F3400282F00102B86A7E
:107E1000520101A9FDF756FC07B0F0BD6FF01B0041
:107E2000FAE710B544680021E069FFF78CFFA06A0B
:107E3000BDE8104001F01CBD38B504464568AB698B
:107E400098470121E869FFF77EFF234629462A6902
:107E5000A86A01F0EAFC002804DB2046FFF7E1FFF6
:107E6000002038BD6FF00400FBE737B50C4605690C
:107E7000836801A95B68984748B92B680198584006
:107E8000012303FA04F10840003818BF012003B0B1
:107E900030BD70B547F6122C0C4651F8043C40F248
:107EA000E73000215B684FF47A721D680023E5FB20
:107EB0000C01F9F71DFB02460B4604F11400BDE866
:107EC0007040FEF741BBF0B40C2707FB021414F816
:107ED000045C866845F0020504F8045CB468A446B6
:107EE000F0BC604701F10C00FEF78ABA30B589B0EA
:107EF0008DF80410002144681D462068A3888DF881
:107F000010100C998DF80520069101AA0721029204
:107F100002228DF81C1002A903920595FFF7D3FFEA
:107F200009B030BD13B501240094FFF7DFFF02B0A4
:107F300010BD1FB58DF80120032244688DF8023072
:107F40002068A388029202228DF800108DF80C2080
:107F500001A90122CDF804D0FFF7B5FF04B010BD90
:107F600000B589B08DF8052001AA02928DF80410A1
:107F70000222002105930A9B40688DF8101003929D
:107F800006938DF81C20838802A90068FFF79BFFE9
:107F900009B05DF804FB2DE9F34705460E46174688
:107FA0009A469DF82890D0F810804FF0FF324FF09D
:107FB000FF334046FDF7FAFF3A46314628460DF1B9
:107FC0000703FFF7AFFF044678B99DF807303A463C
:107FD00023EA090309EA0A0943EA09033146284664
:107FE0008DF80730FFF7A5FF04464046FEF750F82E
:107FF000204602B0BDE8F08730B543681360057ACB
:10800000446804EBC504A34202D36FF0010030BD05
:108010005C7908338C42F1D10020F8E748B11F3079
:108020002CBF01210021400940EAC160490901F04B
:10803000ABBD7047F8B5876806467C689CB143685D
:1080400093F82630DB071DD405694FF0FF334FF05E
:10805000FF322846FDF7AAFF6B69002B05DC0024E0
:108060002846FEF715F82046F8BD013B6B61002B52
:10807000F5D17B6830469847041EBEBF6B6901335B
:108080006B61EDE70024EEE7F0B4D0E901631B6912
:108090003BB177688F4208DB3568954205DCF0BC60
:1080A00018476FF05700F0BC70476FF01500FAE703
:1080B000F0B4D0E901631B6A3BB137698F4208DB3A
:1080C000F568954205DCF0BC18476FF05700F0BC2E
:1080D00070476FF01500FAE770B4D0E90162956A55
:1080E00003460C46A5B196F8242012B92B4670BC65
:1080F0001847306A024410F8011BA14202D1214600
:108100001846F3E79042F6D16FF0850070BC7047D7
:108110006FF05700FAE72DE9F3410E46D0E9014729
:1081200094F825108046FF2905690FD194F8261090
:1081300001F00C01082914D0D8F8083000391B6B65
:1081400018BF01214BB96FF0570003E0FFF7C4FFE0
:108150000028EBDA02B0BDE8F081404698470028DD
:10816000F8DBA268B2F1004F05D011464046FFF798
:108170008BFF0028EEDB6269B2F1004F05D011469B
:108180004046FFF795FF0028E4DB2368B3F1004F7A
:1081900014D0D8F808305B69002BD4D0404601A930
:1081A00098470028D6DB2268019B9A421CDD1146C5
:1081B0004046FFF769FF002805DACBE76FF0004380
:1081C00062689A42E5D19EB994F826309B0716D092
:1081D00040463B6898470028BCDBA069FFF71EFFBC
:1081E0006B6901336B610AE062689342EBDDDEE7A5
:1081F0006B6901336B6194F82630DA0601D40020F4
:10820000A8E74046FFF716FFA4E7436893F82D3030
:10821000032B94BF182000207047F8B50C460027A8
:1082200001254668706830B90137052F06F1080648
:10823000F8D10020F8BD337A44FA07F205FA03F1C9
:10824000036902F001021B68194218BF82F00102A3
:108250002AB18368DB6898470028E5D0EAE783689D
:108260001B69F8E7406890F82D30032B13D8DFE83E
:1082700003F002080B0F01231A460421806AFFF75E
:1082800058BE01230322F8E701231A460821F5E727
:1082900001230322FAE700207047406801230222ED
:1082A0000B210068FFF745BE0B461146426892F865
:1082B0002D20032A02D898B2FBF7A6BC6FF0150058
:1082C000704713B51C46806A0DF10703FFF72AFEBD
:1082D000002808DB9DF8073000201C40003C18BF38
:1082E0000124049B1C7002B010BD10B4013201299E
:1082F000D2B208BFD2009DF8044015BF42EA8313F2
:1083000042EAC3134722B82214BFDBB2DBB2012C0E
:108310000CD0022C07D064B901920C220421806A8F
:1083200010BCFFF738BE01920E22F7E701920D2232
:10833000F4E76FF0850010BC7047F7B50124012AFF
:1083400004FA01F405460E461346E4B204D0042AAA
:1083500017D0C2B9052701E0042700230094152295
:108360000421A86AFFF717FE00280EDB0123042171
:1083700007EB4602A86AD2B203B0BDE8F040FFF7AF
:10838000D8BD2346E6E76FF0850003B0F0BD406836
:108390000A4690F82D30032B0DD8DFE803F00205D4
:1083A000070A0021FFF7C9BF0121FBE70021FBF706
:1083B00069BC0121FBE76FF08500704713B51446D7
:1083C00001F10C02806A08210DF10703D2B2FFF718
:1083D000A9FD002807DB21469DF8070002B0BDE893
:1083E0001040FBF711BC02B010BD37B505460C4676
:1083F000104619460DF10602FBF716FC10F1160F98
:108400000BD0082104F10C029DF80630A86AD2B204
:1084100003B0BDE83040FFF78CBD03B030BD73B58D
:1084200005460C46164604210F22806A0DF107030B
:10843000FFF778FD002812DB9DF807300421234167
:10844000DB0745BF043464001034334658BF33465D
:10845000A86A4CBF04F0FE02E2B2FFF763FD02B06F
:1084600070BD30B5044685B010460D460DF10E02C4
:1084700019466468FBF7D8FB10F1160F21D0294686
:1084800020460DF10D02FFF7CAFF002819DBBDF8E9
:108490000E309DF80D209A4213D02A1D520004215F
:1084A000A06ADBB202F0FE02FFF743FD002808DB02
:1084B0000123AB40DBB200930F220421A06AFFF737
:1084C0006AFD05B030BD30B44468134694F82D20E1
:1084D000032A14D8DFE802F002070A100A46002136
:1084E00030BCFFF7BEBF0A460121F9E70A4600216A
:1084F000204630BCFFF779BF0A460121F8E76FF04C
:10850000120030BC704713B5446894F82D30032B2B
:108510002AD8DFE803F0020B0E26012300220421F3
:10852000A06A02B0BDE81040FFF703BD012302229C
:10853000F5E7012300220821A06AFFF7FAFC0028D2
:108540000DDB94F83C3053B900213F2001F01CFBB7
:1085500004220821A06A0DF10703FFF7E3FC02B033
:1085600010BD01230222E6E70020F8E72DE9F041E3
:108570000126446804F12805606828B90834A5423A
:10858000FAD10020BDE8F08101F0A2F9C8B1B4F839
:108590000AE06068217A4EF4003207691EF0010F8C
:1085A0003B6806FA01FC14BF4CEA030323EA0C0300
:1085B000D0F808803B60D8F8003098470028DDD01C
:1085C000E0E76FF01200DDE713B540680C4690F865
:1085D0002D30032B20D8DFE803F00211151C0021F9
:1085E0000DF10702FFF71BFF002817DB21469DF85E
:1085F000070002B0BDE81040FBF706BB01210DF1FA
:108600000702EFE70A46002102B0BDE81040FFF77D
:10861000D5BE0A460121F7E76FF0120002B010BD87
:1086200037B513460A78FF2A29D0406890F82D40C4
:10863000032C26D8DFE804F002090D1B00934B78C9
:108640000021FFF752FE03B030BD00934B780121AB
:10865000F7E74978C3B9013242EAC1030522DBB228
:108660000821806A03B0BDE83040FFF762BC49785A
:1086700053B9013242EAC103DBB20622F0E700201F
:10868000E1E76FF01200DEE76FF08500DBE7F0B5A1
:108690004568044685B0A86A01F01AF918B96FF068
:1086A000120005B0F0BD606890F82D30032BF6D8AD
:1086B000DFE803F0022429300DF10D0300930423B9
:1086C00034220421FFF7FDFD0028EAD120469DF861
:1086D0000D10FFF720FD0028E3DB296BF9B995F8B1
:1086E0003A30FF2B38D1606895F83B3090F82D2058
:1086F000032AD4D8DFE802F04A7179810DF10D0325
:1087000000934023DCE70DF10D03009303230422C3
:108710000821D7E70DF10D0300930C23F7E76768F5
:1087200097F82D6026B1012E02D06FF08500B8E7D2
:1087300008460DF10E02FBF777FA10F1160FB0D0D4
:108740007200093204219DF80E30B86AD2B2FFF7E8
:10875000F0FB0028C3D0A4E7606890F82D20022A1F
:1087600007D0032AE1D130221B01009203F0F0036D
:1087700004E00C229B00009203F0FC030722082176
:10878000806AFFF708FC0028ADD08AE70421152293
:108790009B00009103F0FC03806AFFF7FCFB0028BC
:1087A0007FF47FAF024605F134012046FFF738FF22
:1087B00000287FF476AF0122204605F13601FFF74D
:1087C0002FFF00287FF46DAF0222204605F138010B
:1087D00005B0BDE8F040FFF723BF0822DB000092A0
:1087E0000421152203F0F803D6E740229B010092F2
:1087F00003F0C00307220821CEE78022DB010092AC
:108800001340F7E7F0B5B0F80AC00489D0E9006575
:10881000ACEB0407B24205FB076701DBB94202DD9E
:108820006FF01500F0BDB14203DA1C806FF021003B
:10883000F8E7BA4202DDA3F800C0F7E715B91C80DB
:108840000020EFE7891B6E1E3144B1FBF5F10C44AB
:10885000A4B21C800389E41AD0E9003101FB04337F
:108860009342EDD9DCE740F201132DE9F04188B0E5
:108870004FF00308ADF810300123456804698DF806
:108880001230286800220521CDF8008004ABFFF7E4
:1088900067FB00285AD12022002302A801F017FA12
:1088A000DDE9026734224146286804F10803FFF736
:1088B00039FB00284AD136224146286804F10903D1
:1088C000FFF730FB002841D107220221286804F17C
:1088D0000B03FFF727FB002838D102A832463B469E
:1088E00001F01AFADDE9020101F04EF90B230093C1
:1088F00010220521286805ABFFF7F8FA30BB9DF878
:1089000019309DF8152003EA080343EA8203238007
:108910009DF819309DF81620C3F3810343EA8203C2
:10892000A3809DF819309DF81720C3F3011343EA83
:108930008203E3809DF81E309DF81C20C3F30113D1
:1089400043EA820363809DF81430A37208B0BDE847
:10895000F08170B4048945892D1BD0E9004606FBDF
:108960000544A14209DD848AC58A2D1BD0E903464E
:1089700006FB0544A14203DC0C3070BCFFF742BF8C
:108980006FF0150070BC704743681B68D3F8800413
:10899000C3F88004704703691A6813680BB1526802
:1089A0001847704730B587B004460D4614220021A1
:1089B00001A801F028FA042320460DEB03018DF8ED
:1089C00004300295FFF7E7FF07B030BD70B586B001
:1089D000066904460D461422002101A801F013FA8D
:1089E00002238DF80430336820461B6C01A90293E2
:1089F00033689B6CCDE90335FFF7CDFF06B070BD42
:108A000030B503691C6843681B68EFF311852020AB
:108A100080F31288BFF36F8F206CA8B1E06CB0B9FF
:108A20000020C4E91312042AC3F80417C3F8082766
:108A300082BFD3F8002242F02002C3F8002285F35F
:108A40001188BFF36F8F30BD6FF00C00F7E76FF048
:108A50000F00F4E70369186820B101601B6800206B
:108A60005A6070476FF08500704710B54268006922
:108A70001368006860B9D3F84C4164B1126B127886
:108A80000A70C3F84C01D3F84C2101229A6210BD40
:108A90006FF08500FBE74FF0FF30F8E738B542682C
:108AA000036915681A68D2F8A01051B1002482F841
:108AB000B8401868683001F05CF9012320466B6506
:108AC00038BD6FF00D00FBE7406BFFF7E7BF10B557
:108AD00003691968D1F8A420D1F8B040121B13D053
:108AE000082A28BF08224068C1F8AC201968406AEB
:108AF000C1F8A8001B68D3F8A010D3F8B03019440F
:108B000001F05BF9012010BD1046FCE710B50446EA
:108B100012EA030005D0605818B100230120635009
:108B2000635810BD13B501AA0446FFF765FA002883
:108B300005DB019B226819791868FAF7BBFF02B0C0
:108B400010BD10B402694468936823EA0101916082
:108B500011F0030108D143681B68C3F80015E068F1
:108B6000012110BCFFF7DEBF10BC704710B50446F2
:108B7000002201214FF48270F9F72EFD4FF482702C
:108B8000F9F70EFD2046FBF781FC002010BD10B563
:108B9000044600220121C620F9F71EFDC620F9F780
:108BA000FFFC2046FBF772FC002010BD10B50269E7
:108BB00093681943916013F0030107D14368D868A3
:108BC0001C68FFF7AFFF0823C4F8003510BD10B5CF
:108BD00043681C68C4F83C17C4F840270022C4F856
:108BE00030215B68D4F830219B0702D50121FFF7C3
:108BF000DDFF0123236510BD10B5436804461B68E3
:108C0000D3F830210B684AB9012283F8B8204FF419
:108C1000805263681B68C3F8042310BD002283F8E8
:108C2000B8204FF0FF320B68C3F8B4200B68D3E9CB
:108C30002A12FFF7CCFFEAE7F8B5036904461D687E
:108C400043680F461E6805F1080001F092F8EFF343
:108C50001182202383F31288BFF36F8FEB6C53B123
:108C6000D6F8003223F02003C6F800320023C6F8FD
:108C70005031D6F85031002385F8633017B1012305
:108C800085F8643023691968012381F862306168CE
:108C90000968CB6282F31188BFF36F8FF8BD08B506
:108CA00003691B681B6C23B10121FFF7C5FF00207E
:108CB00008BD6FF00D00FBE7F7B5426B53681C6809
:108CC0001369D4F8101153F8085BD3E8EF6F26F05E
:108CD0001007C3E8EC7FBCF1000FF6D1F3060FD507
:108CE00061B1D5E9162300260027CDE90067FEF71C
:108CF000D1F90023C4F81031D4F8103103B0F0BD1D
:108D00000029FBD113691968CB6CB3FA83F35B09B3
:108D100081F86230536801221B68DA6203B0BDE853
:108D2000F04001F026B82DE9F347174600224368CA
:108D3000D0F810901E68D9F80040884694F8613049
:108D4000D6F80C1784F86120A26C05469B1A1944CA
:108D5000002901DDFFF73AFE2846216CFFF722FECD
:108D6000E36C2364236D63640023C4E91333A364B9
:108D700094F8633003F0FF029BB3EFF3118A2023D2
:108D800083F31288BFF36F8F236C6BB3D6F8003276
:108D900023F02003C6F80032B8F1000F34D19FBB96
:108DA0000123B362C6F82471D6F8243184F86270C6
:108DB000D9F8083043F01003C9F808308AF3118855
:108DC000BFF36F8F6AB1D4E91632134309D0D4E9E7
:108DD000162300200021CDE9000104F10800FEF770
:108DE00059F902B0BDE8F087D4E91632134303D035
:108DF00004F1080000F0BDFF2B691A68012382F816
:108E000062306A681268D3620022D7E72DE9F34125
:108E1000064617461C460569EFF31188202383F3A5
:108E20001288BFF36F8F2B68D3F8A42042B188F368
:108E30001188BFF36F8F6FF00F0002B0BDE8F081B3
:108E4000C3F8A4702B6801F0604CC3F8A010BCF10B
:108E5000005F2B6814D1C3F8A8102B68C3F8AC705E
:108E600029463046FFF7C8FE88F31188BFF36F8F9D
:108E700073681B7E012B01D1631C06D10020DCE747
:108E8000C3F8B020FFF723FEEAE724EAE47228687B
:108E9000D3171F3243F10003520942EAC36268301C
:108EA0005B0900240025CDE90045FEF7F3F8E5E76E
:108EB0002DE9F04F43688DB01D680369D5F8047340
:108EC00004461E6803934FF400723B464FF4BA7198
:108ED0002846FFF71BFE20B1F36C13B9012386F877
:108EE00062303B464FF400724FF492712846FFF710
:108EF0000DFE814608B196F862903B464FF4002281
:108F00004FF4A6712846FFF701FE3B4610224FF4AE
:108F1000887180462846FFF7F9FD3B464FF48012E2
:108F20004FF4A87104902846FFF7F0FD3B468246B7
:108F300020224FF48A712846FFF7E8FD20B36368CA
:108F400014221B68002107A8D3F880B4059300F011
:108F50005AFF06221BF0010F059B8DF81C2042D101
:108F60001BF0020F41D11BF0040F40D10BF008029F
:108F700020468DF8202007A9C3F880B4FFF70BFD29
:108F800000212046FFF758FE049B93B1002123697E
:108F90006268D2F800B01A6882F860101868D0E9E8
:108FA0001623CDE900230830FEF774F81023CBF820
:108FB0000833B8F1000F02D1BAF1000F30D0F36CD2
:108FC000BBB1B8F1000F03D1C5F84C81D5F84C31D5
:108FD0004A4651462046FFF7A6FEBAF1000F1FD0C1
:108FE0004FF0000808E00122C2E70222C0E7042295
:108FF000BEE7BAF1000F0BD00021142207A800F041
:1090000002FF0323204607A98DF81C30FFF7C3FC9D
:10901000B8F1000F04D0002220461146FFF783FE6E
:10902000B9F1000F35D0002386F862302369D4F8F7
:10903000049053F8088BD3E8EF2F22F48031C3E873
:10904000E01F0028F7D1D30303D508F1080000F092
:1090500090FED8F8401029B12046FFF7A3FC00236A
:10906000C8F8403098F86430002B6FD0002388F89F
:109070006430636820461B68D3F8002222F0005257
:10908000C3F800220022C3F81021D3F81031FBF7F7
:10909000CDF9F9043DD5D5F83031002B39D06368CE
:1090A0002569D3F80080EFF31189202282F312881A
:1090B000BFF36F8F2A685B68D2F8B4100029ACBF89
:1090C000D2F8B470D8F844779A0707D54FF4805394
:1090D00001212046C8F80833FFF733FD89F31188D2
:1090E000BFF36F8F2868D0F8A03093B190F8B82004
:1090F000002A4ED0EFF31187202383F31288BFF3A9
:109100006F8F29462046FFF777FD87F31188BFF35D
:109110006F8F039B0833D3E8EF2F22F00401C3E8DD
:10912000E01F0028F7D153076FD52046716CFFF779
:109130004DFC2046316CFFF735FC00232046C6E984
:1091400010330DB0BDE8F04FFBF770B9D9F804301B
:1091500098078ED562681368926AC3F804270522BF
:10916000C3F808270122DA61D3F84C21002AFBD08A
:109170000021C3F84C11D3F84C21D3F850212AB167
:10918000C3F85011D3F85021D3F80C2788F8612088
:109190006FE7D0F8A820934210D0D0F8AC20D0F8D8
:1091A000B030BA423B442ED1C0F8B0302046FFF771
:1091B0008EFC00289ED12868D0F8B070683000F08E
:1091C000D8FD1422002107A800F01DFE2B682046C0
:1091D000D3F8A03007A9CDE908372B68D3F8A4301D
:1091E0009F421CBF01238DF81C304FF48053C8F8F8
:1091F000083300232A68C2F8A0302A68C2F8A430D5
:10920000FFF7C9FB85E71F46D8E70DB0BDE8F08F33
:1092100008B50220F9F7DAFF002008BD0346002058
:10922000184700F039BB024610B5116891B1B1FA88
:1092300081F3C3F11F000123834021EA0303D2E835
:10924000EF4F8C4204D1C2E8EC3FBCF1000FF6D1E5
:10925000EBD110BD6FF00B00FBE710B50368CB40FE
:10926000DB0710D401238B40026843EA0201D0E8F7
:10927000EF4F944204D1C0E8EC1FBCF1000FF6D1CF
:10928000F2D1002010BD6FF01500FBE7FBF720BC0A
:1092900010B1012802D07047FBF780BCFBF74EBD30
:1092A00018B1012803D100F00EB800F00AB87047D9
:1092B000FBF7B0BC08B5FBF775FDBDE80840FBF750
:1092C000D9BCFBF73DBCFBF701BDF7B51646DDE9A0
:1092D0000847019001A81D46FBF79EFD019BB6F1D2
:1092E000000C18BF4FF0010C00EB83000B1E18BFE1
:1092F0000123002D43EA4C030CBF4FF0000C4FF04C
:109300000C0C002C43EA0C030CBF4FF0000C4FF484
:10931000706C002F43EA0C030CBF4FF0000C4FF4AD
:10932000403CD0F8802043EA0C0322EA030301B159
:1093300009780EB13678760019430DB12D78AD005D
:1093400031430CB12478240229430FB13F783F0404
:109350000C433C43C0F8804003B0F0BD1FB50DF195
:109360000F03019300238DF80F101A46194600933E
:10937000FFF7ABFF05B05DF804FB10B504460846E7
:10938000FBF75AFD04EB4004207DC0F3401010BDF4
:1093900010B504460846FBF74FFD04EB4004207D62
:1093A000C0F3400010BD10B504460846FBF744FD6D
:1093B00004EB4004A08A400B10BD70B5044608467B
:1093C0001646FBF739FD083034F810300D46DA0543
:1093D00009D5C3F3432304EBC3023146284654F8AE
:1093E000333052689847A3682BB131462846E2686B
:1093F000BDE87040184770BD10B504460846FBF73D
:109400001BFD04EB4000838ADA051DD5C3F343211D
:1094100023F4F853838204F1120204F1580032F865
:10942000023F13F4807F03D0C3F3432399420BD050
:109430008242F4D1002204EBC1035A6004F16000BF
:10944000BDE81040FFF709BF10BDF0B5044600208D
:1094500001270546844695420AD1D4F8443133B1F8
:109460000023C4F84431D4F8443140F40030F0BD56
:10947000EBB29B0003F580769B0807FA03F31942D1
:1094800008D054F806E0BEF1000F03D044F806C03F
:10949000A65918430135DEE738B504460D46FFF7F7
:1094A0006CFFA8B12046FFF773FF88B92046FFF78D
:1094B0007AFF012322688340C2F81833236803EB44
:1094C0008000D0F8103523F00303C0F8103538BD04
:1094D0002846BDE838400021FFF740BF2DE9F043A2
:1094E0001746044685B00846FBF7A6FCD7F800806F
:1094F0000E460546B8F1000F1ED02046FFF748FF84
:1095000018B12046FFF739FF20BB00230DF10F02F1
:10951000CDE900338DF80E308DF80F3030464346DC
:109520000DF10E01FFF7D1FE04EB4502938A23F003
:10953000020343F0010393827B689BB331462046CC
:1095400093F80080D3F80490FFF722FF28B1B9F117
:10955000000F1FD06FF0150027E004EB4500838A51
:1095600023F4604323F020038382B9F1000F11D06C
:10957000B8F1030FEED87B6821685B6893F800C0F0
:109580004FEA8C031944B8F1000F11D1C1F81085CE
:10959000C1F8108504EB4502938A23F01C0343EACB
:1095A00088039382BB684BBB002005B0BDE8F08305
:1095B000D1F8102522F00302C1F8102522681344C7
:1095C000D3F8102522F4473222F47C72C3F8102518
:1095D00041F6F072D3F8101502EA061242EA084288
:1095E0000A43C3F8102504EB4C03A3F86460838A94
:1095F00043EA4C3343F020038382CBE73146D3E97F
:1096000000782046FFF7F8FE002FCDD063689F4218
:1096100006D004F16000FFF706FE002804DAC4E774
:10962000A3689845F5D1002004EBC003C3E9017895
:1096300004EB4505AB8AC0B243EA402343F4807390
:10964000AB82B1E7C0E90312704770B50446154616
:10965000FFF793FE48B10846FBF7EEFB04EB40042E
:109660000020A38A5B0B2B7070BD6FF01500FBE729
:1096700090F87400003818BF01207047FBF712BC47
:109680002DE9F34104461746FFF777FE0D4626689D
:10969000F0B12046FFF77CFE8046C8B92046FFF7B0
:1096A00082FE820002F5807346F80380F358236837
:1096B0001344D3F8102542F00102C3F8102527B156
:1096C000012322688340C2F8143302B0BDE8F08160
:1096D000D6F8143328469B035CBF4FF40033C6F81A
:1096E0001433FBF7A9FB04EB4004A38AC3F3820302
:1096F000042B11D0052B11D001A80195FBF78CFB91
:10970000019BC168D94001F001010231284602B035
:10971000BDE8F041FFF722BE0321F7E70221F5E79C
:10972000FFF7BABE91F820200346032A29D8DFE8C4
:1097300002F0212519028A68500504D5D3F8442780
:109740000869904207D18A6852051AD4D3F8442791
:109750008969914215D000200622C3F80005C3F89C
:1097600000257047D3F8442708699042F3D1D3F815
:109770000C27EDE7D3F844270969EAE7D3F80C276B
:10978000FAE70120704730B501249508403DAC4010
:109790000C4208D0815831B100218150825813B158
:1097A0001A6822431A6030BD002313B50C4601939A
:1097B0004FF4947201ABFFF7E6FF21464FF482723B
:1097C000FFF7E1FF21464FF48A72FFF7DCFF2146E5
:1097D0004FF4B672FFF7D7FF21464FF4A872FFF798
:1097E000D2FF21464FF49C72FFF7CDFF4FF49A72DF
:1097F0002146FFF7C8FF019802B010BD10B4CC7B22
:109800008A6803682CB9D1E90041C3F80046C3F85F
:109810000416C3F8242543682BB1006810BCC0F3BC
:109820000830F8F7BDBE10BC704738B50D4690F84B
:1098300026100446C9B9C160C0E9012380F8291087
:1098400080F8281065B1AB7B80F82B302846FBF7F9
:10985000EFFE6B7B2946204684F82A30FFF7CEFFC7
:109860000123002084F8263038BD6FF07700FBE735
:1098700006220368C3F80025022380F826307047CB
:1098800007B5019001A8FCF727F90123019A93403D
:10989000436003B05DF804FB08B1F9F719BA7047EB
:1098A00010B5436904463BB90020E2684042537852
:1098B00043F00103537010BD98470028F4D00028EE
:1098C000B8BF4042FF28A8BFFF20E3681870ECE74C
:1098D00040B1C368587810F001001EBF1878B0FA84
:1098E00080F040097047EFF31183202383F312883F
:1098F000BFF36F8FFEE708B5FFF7F5FF202408B52B
:10990000EFF3118384F31288BFF36F8FFEF712F821
:10991000F6E7D0E9003213605A600023027CC0E908
:10992000003322F0020202748360704713B50124F1
:109930000094FCF775FA02B010BD90F90E308B421E
:1099400001D0FCF779BF0020704703460020C3E92F
:109950000033C3E9020070473AB18A4205D3C0E937
:109960000212C0E90000002070476FF01500704738
:10997000012302688B4022EA0303036022FA01F00C
:1099800000F00100704710B5032104460C30FFF7CA
:10999000EFFF30B104F1100000F06BF9B0FA80F085
:1099A000400910BD20B100228C30114600F028B9CA
:1099B000704773B50446EFF31185202383F31288B3
:1099C000BFF36F8F0023A0F1100603210438019329
:1099D000FFF7CEFF28B1A369304601A90193FCF738
:1099E000BDFC85F31188BFF36F8F02B070BD13B556
:1099F00001900846EFF31184202383F31288BFF30C
:109A00006F8F01A9FCF7AAFC84F31188BFF36F8F55
:109A100002B010BD10B5FFF7EAFF041E08DDEFF33A
:109A20001180202383F31288BFF36F8FFCF770FF40
:109A3000204610BD38B530220D460021044600F006
:109A4000E2F94FF480736560E36038BDEFF30580A1
:109A5000003818BF012070476FF057007047D0E9F9
:109A6000003213605A600023C0E90033704708B524
:109A7000FFF7F5FF037C23F00203037400238360E8
:109A800008BD38B504460D46FCF732FE237C43F092
:109A900002032374D5B1A5602B689D4209D16B6880
:109AA000C4E900531C606C6010E06A689A42F6D00A
:109AB0001B68002BF3D093F90E1094F90E209142FD
:109AC000F3DD5A68C4E9003214605C6038BD10B53B
:109AD000EFF31184202383F31288BFF36F8FFCF719
:109AE000C7FD84F31188BFF36F8F10BD08B5EFF386
:109AF0001181202282F31288BFF36F8F83680BB12C
:109B0000FFF7B5FF81F31188BFF36F8F08BD08B56C
:109B1000037C014613F0280F0CD183680BB1FFF7CB
:109B2000A6FF0B7C084623F004030B74BDE8084035
:109B3000FCF79EBD08BD10B5EFF31184202383F31D
:109B40001288BFF36F8F1838FFF7E1FF84F3118895
:109B5000BFF36F8F10BD08B50346EFF311812022CC
:109B600082F31288BFF36F8F0068834207D008B179
:109B7000FFF77DFF81F31188BFF36F8F08BD0020D1
:109B8000F8E70846FCF7ECBD70B506460D46FCF755
:109B90005BFFB5F1FF3F08BFB6F1FF3F04460CD0B5
:109BA00047F6112000214FF47A7547F61222002360
:109BB000E4FB0501F7F79CFC70BD4FF0FF30FBE7BD
:109BC00038B50446EFF31185202383F31288BFF3E1
:109BD0006F8F037C5B070ED5183000F04AF8237CAA
:109BE000204623F004032374FCF742FD2846BDE819
:109BF0003840FCF7B5BD85F31188BFF36F8F38BDD2
:109C000038B5EFF31185202383F31288BFF36F8FEC
:109C10000468A04212D09CB1A16762612046FFF7A0
:109C200026FF04F1180000F024F82046FCF720FD80
:109C3000012085F31188BFF36F8F38BD0020F8E74E
:109C40002046F6E708B50246FDF770F870B1D0E996
:109C500004319B1A61EBE272B3F1004F72F1000123
:109C600004DA002AACBF1846002008BD6FF000409F
:109C7000FBE7024638B5EFF31185202383F3128802
:109C8000BFF36F8F0368CBB1FDF750F80446104661
:109C9000FDF75EF800224FF000438442C0E9042340
:109CA00006D1FDF74BF8FFF7CDFF0021FAF7F6FDDF
:109CB000002085F31188BFF36F8F38BD6FF015005A
:109CC000F7E708B5FDF74CF908BDFDF749B9B3F161
:109CD000FF3F08BFB2F1FF3F70B506461D46144670
:109CE00014D01A4316D0002B08DBFDF739F90419FC
:109CF00041EB0501C6E90041304670BD6FF001033C
:109D00001C1B4FF0FF3363EB0501F3E74FF0FF340B
:109D10002146EFE70024FBE7B3F1FF3F08BFB2F1B4
:109D2000FF3FF8B5074616461C4610D054EA02031A
:109D300011D0FDF715F9B0420A46A14103460AD2F7
:109D4000F31A64EB0204C7E900343846F8BD4FF05B
:109D5000FF331C46F7E70023FBE70023C0E90812A6
:109D600000F11802C0E90622C0E90033036343632F
:109D7000704710B50446FFF77CFFA8B9636A0BB1C2
:109D80002046984704F11800FFF7E5FE60B1FFF7A1
:109D90009EFEEFF31180202383F31288BFF36F8FB1
:109DA000BDE81040FCF7B4BD10BD10B400F10C04C8
:109DB000C0E9034410BCFDF75CBC0A44431E914259
:109DC00000D1704710B511F8014B914203F8014FD3
:109DD000F9D110BD884210B501EB020402D98442CA
:109DE000234607D8431EA14207D011F8012B03F8E0
:109DF000012FF8E70244824200D110BD13F8011D83
:109E000002F8011DF7E702440346934200D1704770
:109E100003F8011BF9E70246014410B58A421346D4
:109E200003D01C780132002CF8D1181A10BDF0B5FF
:109E3000C3F13707044603F01F031046FFB2082B97
:109E4000E6B232D0102B3DD06508A40845EAC175B2
:109E500044EA81748A082D1942EB5102290941EA2A
:109E600002716D1842EB1212290A41EA02616D1863
:109E700042EB1222290C41EA02416D1842EB1242D8
:109E8000AD1842F10002EC0844EA4274D10804EB38
:109E90008402A6EB4205EDB2092D0CD90134A5F1DF
:109EA0000A0541F10001EDB212E0E40806F00705F1
:109EB00044EA4174C908303554EA010200F8015BF4
:109EC000BDD1F0BD240906F00F0544EA017409096B
:109ED000092D84BFED19EDB2EDE718B100204FF068
:109EE0000041704700200021704720F00040B0F191
:0C9EF000FF4F94BF0020012070470000CD
:089EFC002876FF7F0100000041
:109F0400292C000000000000E947000000000000C8
:109F140000000000D49F0000117100000000000048
:109F24000000000028A00000000000000CA00000B9
:109F340000000000F09F00000000000060A000008E
:109F44000000000044A00000119200000000000086
:109F5400052C000000000000E56100000000000086
:109F6400000000007CA00000F52C000000000000B0
:109F74000000000098A0000000000000B4A0000051
:109F84000000000008A1000000000000ECA0000098
:109F940000000000D0A000000000000024A1000088
:109FA4000000000040A10000000000005CA10000CF
:109FB400012E000000000000A52E0000000000009B
:109FC400AD2D000000000000C52D000000000000C1
:109FD400C1B3000040AC000094AA00006802002055
:109FE40018080020FD2F000000000000CEB3000080
:109FF4005CAC000020AA00006A0200208C0800204B
:10A00400C535000000000000D4B3000070AC0000AF
:10A0140020AA00006C02002098080020C53500002A
:10A0240000000000DAB3000084AC000020AA0000A5
:10A034006E020020A4080020C535000000000000C6
:10A044002CB4000068AE0000F8AA000082020020D0
:10A054002C0200206D8B00000000000037B40000CB
:10A06400C0AE0000F8AA00008402002038020020DC
:10A074008F8B000000000000E0B30000FC01002012
:10A0840044AA000070020020B0080020B97B000040
:10A0940000000000F2B30000E4AC00000000000087
:10A0A4007402002004090020B538000000000000FC
:10A0B4000EB40000C4AD0000B0AA00007C02002071
:10A0C400000000006D85000000000000FDB30000EA
:10A0D40004AD0000B8AA0000760200204009002068
:10A0E4008F8600000000000002B4000044AD0000B0
:10A0F400B8AA000078020020580900208F860000CA
:10A104000000000008B4000084AD0000B8AA0000FC
:10A114007A020020700900208F86000000000000F1
:10A12400EAB30000B4AC000000000000720200209A
:10A13400140B0020293700000000000019B40000AF
:10A144000000000078AA00007E0200208809002098
:10A15400F53D00000000000024B40000F0AD000054
:10A164005CAA000080020020060A0020893F00004B
:04A1740000000000E7
:10A1780000000000117900000000000011790000C3
:10A1880000000000117900000000000011790000B3
:10A1980000000000117900000000000011790000A3
:10A1A8000000000011790000000000001179000093
:10A1B8000000000011790000000000001179000083
:10A1C8000000000011790000000000001179000073
:10A1D8000000000011790000000000001179000063
:10A1E8000000000011790000000000001179000053
:10A1F8000000000011790000000000001179000043
:10A208000000000011790000000000001179000032
:10A218000000000011790000000000001179000022
:10A228000000000011790000000000001179000012
:10A238000000000011790000000000001179000002
:10A2480000000000117900000000000011790000F2
:10A2580000000000117900000000000011790000E2
:10A2680000000000117900000000000011790000D2
:10A2780000000000117900000000000011790000C2
:10A2880000000000117900000000000011790000B2
:10A2980000000000117900000000000011790000A2
:10A2A8000000000011790000000000001179000092
:10A2B8000000000011790000000000001179000082
:10A2C8000000000011790000000000001179000072
:10A2D8000000000011790000000000001179000062
:10A2E8000000000011790000000000001179000052
:10A2F8000000000011790000000000001179000042
:10A308000000000011790000000000001179000031
:10A318000000000011790000000000001179000021
:10A328000000000011790000000000001179000011
:10A338000000000011790000000000001179000001
:10A3480000000000117900000000000011790000F1
:10A3580000000000117900000000000011790000E1
:10A3680000000000117900000000000011790000D1
:10A3780000000000117900000000000011790000C1
:10A3880000000000117900000000000011790000B1
:10A3980000000000117900000000000011790000A1
:10A3A8000000000011790000000000001179000091
:10A3B8000000000011790000000000001179000081
:10A3C8000000000011790000000000001179000071
:10A3D8000000000011790000000000001179000061
:10A3E8000000000011790000000000001179000051
:10A3F8000000000011790000000000001179000041
:10A408000000000011790000000000001179000030
:10A418000000000011790000000000001179000020
:10A428000000000011790000000000001179000010
:10A438000000000011790000000000001179000000
:10A4480000000000117900000000000011790000F0
:10A4580000000000117900000000000011790000E0
:10A4680000000000117900000000000011790000D0
:10A4780000000000117900000000000011790000C0
:10A4880000000000117900000000000011790000B0
:10A4980000000000117900000000000011790000A0
:10A4A8000000000011790000000000001179000090
:10A4B8000000000011790000000000001179000080
:10A4C8000000000011790000000000001179000070
:10A4D8000000000011790000000000001179000060
:10A4E8000000000011790000000000001179000050
:10A4F8000000000011790000000000001179000040
:10A50800000000001179000000000000117900002F
:10A51800000000001179000000000000117900001F
:10A52800000000001179000000000000117900000F
:10A5380000000000117900000000000011790000FF
:10A5480000000000117900000000000011790000EF
:10A5580000000000117900000000000011790000DF
:10A5680000000000117900000000000011790000CF
:10A5780000000000117900000000000011790000BF
:10A5880000000000117900000000000011790000AF
:10A59800000000001179000000000000117900009F
:10A5A800000000001179000000000000117900008F
:10A5B800000000001179000000000000117900007F
:10A5C800000000001179000000000000117900006F
:10A5D800000000001179000000000000117900005F
:10A5E800000000001179000000000000117900004F
:10A5F800000000001179000000000000117900003F
:10A60800000000001179000000000000117900002E
:10A61800000000001179000000000000117900001E
:10A62800000000001179000000000000117900000E
:10A6380000000000117900000000000011790000FE
:10A6480000000000117900000000000011790000EE
:10A6580000000000117900000000000011790000DE
:10A6680000000000117900000000000011790000CE
:10A6780000000000117900000000000011790000BE
:10A6880000000000117900000000000011790000AE
:10A69800000000001179000000000000117900009E
:10A6A800000000001179000000000000117900008E
:10A6B800000000001179000000000000117900007E
:10A6C800000000001179000000000000117900006E
:10A6D800000000001179000000000000117900005E
:10A6E800000000001179000000000000117900004E
:10A6F800000000001179000000000000117900003E
:10A70800000000001179000000000000117900002D
:10A71800000000001179000000000000117900001D
:10A72800000000001179000000000000117900000D
:10A7380000000000117900000000000011790000FD
:10A7480000000000117900000000000011790000ED
:10A7580000000000117900000000000011790000DD
:10A7680000000000117900000000000011790000CD
:10A7780000000000117900000000000011790000BD
:10A7880000000000117900000000000011790000AD
:10A79800000000001179000000000000117900009D
:10A7A80060A00000B18E0000B008002079590000B8
:10A7B800000000001179000000000000117900007D
:10A7C800000000001179000000000000117900006D
:10A7D800000000001179000000000000117900005D
:10A7E800000000001179000000000000117900004D
:10A7F800000000001179000000000000117900003D
:10A80800000000001179000000000000117900002C
:10A81800000000001179000000000000117900001C
:10A82800000000001179000040A10000653D000013
:10A8380000000000117900000000000011790000FC
:10A848000000000011790000740100208B7B0000DB
:10A8580000000000117900000000000011790000DC
:10A8680000000000117900000000000011790000CC
:10A8780000000000117900000000000011790000BC
:10A8880000000000117900000000000011790000AC
:10A89800815500001D9200000000000011790000A1
:10A8A800000000001179000000000000117900008C
:10A8B800000000001179000000000000117900007C
:10A8C800000000001179000000000000117900006C
:10A8D800000000001179000000000000117900005C
:10A8E800000000001179000000000000117900004C
:10A8F800000000001179000000000000117900003C
:10A90800000000001179000000000000117900002B
:10A91800000000001179000000000000117900001B
:10A92800000000001179000000000000117900000B
:10A9380000000000117900000000000011790000FB
:10A9480000000000117900000000000011790000EB
:10A9580000000000117900000000000011790000DB
:10A9680000000000117900000000000011790000CB
:10A9780000000000117900000000000011790000BB
:10A9880000000000117900000000000011790000AB
:10A9980044A00000B18E0000B59200001D92000096
:10A9A800000000001179000000000000117900008B
:10A9B800000000001179000000000000117900007B
:10A9C800000000001179000000000000117900006B
:10A9D8000000000011790000FC0000208B7B0000C3
:08A9E8000000000011790000DD
:10A9F000E8020020380B002000040000D92E0000DF
:10AA00000000000000000000000000000E00000038
:10AA100000000000BBB300000000000000000000C8
:10AA2000F1330000EF7A0000FB7A00000F7B00009A
:10AA3000197B0000237B00000D360000377B0000EF
:04AA40000000000012
:10AA4400957D000000000000F17B00000000000084
:08AA540000000000657D000018
:10AA5C000D3F0000353E000000000000678800003C
:10AA6C006142000000000000000000000000000037
:10AA7C0000000000000000007D3D0000393D00009A
:08AA8C000000000000000000C2
:10AA94005D3000004D7A0000B37A00000000000031
:0CAAA400EB790000000000000000000042
:08AAB0001B8200009B820000E4
:10AAB80007850000658200000B820000A982000063
:10AAC800C7840000C98500000000000000000000E5
:10AAD80000000000000000008F830000000000005C
:10AAE800000000000000000000000000000000005E
:10AAF800558A00000D8E00009D8A0000194600004E
:10AB0800018A00009F8C00006B8A0000414500000C
:04AB18008989000027
:0CAB1C0000000000391D000000000000D7
:10AB30000100000020A1070000A0105000820D506D
:10AB400000040550000000000000000000000000AC
:10AB50000338FDD87047000000000000000000002E
:10AB60000338FDD870470000763C7935EF39EA3D6F
:10AB7000763C7935EF39EABD0000E0FE422EE63F33
:10AB80000000E0FE422EE6BF000000000000E03FB3
:10AB9000000000000000E0BF0CA00000000000006A
:10ABA0000CA000000C0000000CA000000D00000034
:10ABB00028A000000A00000028A0000008000000F3
:10ABC00028A0000009000000000000200000000094
:10ABD0000600010002000000DCAB000000000000E5
:10ABE000ACB3000006000000E0CF1700000000201A
:10ABF000B4B3000021000000E0FF03200CA000001F
:10AC0000000000000CA000000C0000000CA00000E0
:10AC10000D0000000CA000000100000028A00000B2
:10AC20000A00000028A000000800000028A0000082
:10AC300009000000B92F0000892F0000000000006B
:10AC4000453100008D300000E77A0000D97A00001D
:10AC500000A0105000820D50000405507F0000003D
:10AC600000A01050FC0000200000000000000000C8
:10AC7000FFFF010000820D50740100200000000061
:10AC800001000000FF070000000405500000000064
:10AC9000000000000200000000700C50A4AC000096
:10ACA00001000000ACAC0000020000002E06000C09
:10ACB0002B06000B1E00000002000000CCAC0000C0
:10ACC000680300205D38000000000000F09F0000D5
:10ACD000040011000B0000000CA00000090011008E
:10ACE000020000007CA000006B00000000000000DB
:10ACF000000000000003000000A0105000820D5072
:10AD00000004055000000080FFFFFF7FA05A3200C2
:10AD100000000080FFFFFF7F0000008000000000B7
:10AD200000000000C2B4000001020A0098A0000068
:10AD30000002000000000000FF00FF00FF00FF0015
:10AD40000000000040771B0040771B0000000080DF
:10AD500000000080FFFFFF7F000000800000000077
:10AD600000000000C3B4000000FF090098A000002C
:10AD70000001000000000000FF00FF00FF00FF00D6
:10AD80000000000040771B0040771B00000000809F
:10AD900000000080FFFFFF7F000000800000000037
:10ADA00000000000C3B4000000FF090098A00000EC
:10ADB0000000000000000000FF00FF00FF00FF0097
:10ADC0000000000098A0000000000000000000004B
:10ADD0000000000000000000000000000000000073
:10ADE0000000000000000000000000000000000063
:10ADF00098A000004016400040164000E067350073
:10AE000050C300000000030000093D0050C30000D3
:10AE100004000D00B84C0A00007D0000D0070000BF
:10AE200010009001700000006400000040420F001C
:10AE30000100000060E316000000000000000000B8
:10AE4000C8AF0000C8AF0000FFFFFF7FFFFFFF7F1C
:10AE5000102700006B0D010000010000A08601001A
:10AE6000A086010001000F00004010500200000009
:10AE7000000000009CAE000000C201000000D601EE
:10AE80000100000000000040000000001D0B002039
:10AE9000180B0020170B0020160B0020004010504C
:10AEA000A8AE000001000000B0AE000004000000E9
:10AEB000000000000200000201060001030600037A
:10AEC00000600C500200000000000000F4AE000022
:10AED00000C201000000D601000000000000004098
:10AEE000000000002C0B0020270B0020260B002068
:10AEF000250B002000600C5000AF00000100000096
:10AF000008AF00000400000024000000260000023A
:10AF1000250600012706000300A0105000820D50F6
:10AF200000040550080000000200000004000000BA
:10AF30000100000000A0105000820D5000040550D8
:10AF400000A0105000820D5000040550049F000026
:10AF5000149F00004C9F0000549F0000BC9F000005
:10AF6000D49F000042B40000000100000000000077
:10AF700054009F0172302F61313A20203078253003
:10AF80003878202072312F61323A202030782530F5
:10AF90003878202072322F61333A202030782530E3
:10AFA00038780A0072332F61343A20203078253007
:10AFB0003878207231322F69703A2020307825306D
:10AFC0003878207231342F6C723A20203078253056
:10AFD00038780A0020787073723A20203078253053
:10AFE00038780A004661756C74696E6720696E7303
:10AFF0007472756374696F6E2061646472657373D3
:10B0000020287231352F7063293A20307825303866
:10B01000780A00556E68616E646C6564204952510F
:10B020006E3A2025640A002A2A2A2A2A20555341EA
:10B030004745204641554C54202A2A2A2A2A0A00EC
:10B0400020204469766973696F6E206279207A6581
:10B05000726F0A002020556E616C69676E6564200E
:10B060006D656D6F7279206163636573730A00208B
:10B0700020537461636B206F766572666C6F772006
:10B0800028636F6E746578742061726561206E6FDD
:10B09000742076616C6964290A0020204E6F206359
:10B0A0006F70726F636573736F7220696E73747201
:10B0B000756374696F6E730A002020496C6C656754
:10B0C000616C206C6F6164206F66204558435F524D
:10B0D000455455524E20696E746F2050430A00202B
:10B0E00020496C6C6567616C20757365206F662004
:10B0F00074686520455053520A00202041747465DD
:10B100006D707420746F2065786563757465207543
:10B110006E646566696E656420696E7374727563CA
:10B1200074696F6E0A002A2A2A2A2A20425553205F
:10B130004641554C54202A2A2A2A2A0A0020205304
:10B140007461636B696E67206572726F720A0020AA
:10B1500020556E737461636B696E67206572726FE0
:10B16000720A0020205072656369736520646174FF
:10B170006120627573206572726F720A002020422E
:10B1800046415220416464726573733A20307825D9
:10B19000780A002020496D707265636973652064C8
:10B1A00061746120627573206572726F720A00208B
:10B1B00020496E737472756374696F6E2062757363
:10B1C000206572726F720A002020466C6F6174698C
:10B1D0006E672D706F696E74206C617A792073745C
:10B1E00061746520707265736572766174696F6EE3
:10B1F000206572726F720A002A2A2A2A2A204D506C
:10B2000055204641554C54202A2A2A2A2A0A002031
:10B2100020537461636B696E67206572726F722070
:10B2200028636F6E746578742061726561206D6942
:10B23000676874206265206E6F742076616C696443
:10B24000290A00202044617461204163636573739F
:10B250002056696F6C6174696F6E0A0020204D4D35
:10B2600046415220416464726573733A20307825F8
:10B27000780A002020496E737472756374696F6E6A
:10B28000204163636573732056696F6C6174696FE5
:10B290006E0A005265736572766564204578636551
:10B2A0007074696F6E20280053707572696F7573C2
:10B2B00020696E746572727570742028495251202D
:10B2C00000535053454C20696E2074687265616468
:10B2D000206D6F646520646F6573206E6F742069E4
:10B2E0006E646963617465205053500A002A2A2AEB
:10B2F0002A2A2048415244204641554C54202A2AAB
:10B300002A2A2A0A002020427573206661756C740F
:10B31000206F6E20766563746F72207461626C6555
:10B3200020726561640A00202044656275672065AB
:10B3300076656E740A0020204661756C7420657312
:10B3400063616C6174696F6E202873656520626546
:10B350006C6F77290A00415243485F455843455076
:10B3600054207769746820726561736F6E20257848
:10B370000A0A002A2A2A2A2A204465627567206D53
:10B380006F6E69746F7220657863657074696F6E33
:10B39000202A2A2A2A2A0A002A2A2A2A2A20257327
:10B3A00020256429202A2A2A2A2A0A00464C4153A9
:10B3B000485F30005352414D5F3000696E707574C4
:10B3C00000636C6F636B4031306530303000677004
:10B3D000696F30006770696F31006770696F3200A4
:10B3E00069326340633730303000627574746F6E59
:10B3F00073006E706D31333030403662004C444F14
:10B4000031004255434B32004255434B3100726587
:10B4100067756C61746F72730074656D704064372A
:10B420003030300063686172676572006D6F64650B
:10B430006D5F75617274007561727431006D616960
:10B440006E00737973776F726B71002A2A2A20421B
:10B450006F6F74696E67205A6570687972204F53F8
:10B46000206275696C64207A65706879722D763215
:10B470002E342E302D39313939342D676630653808
:10B480006331306431613537202A2A2A0A00286E58
:10B49000756C6C29002A666C6F61742A000A100AA8
:10B4A000200E010E021201120212081601160222CB
:10B4B00001220222042208221000010405020608CB
:10B4C000090F0200071823232323232323232323E5
:08B4D000232323000102000008
:10B4D800000000000000000000000000692E0000CD
:10B4E8000000000000010000000000000000000053
:10B4F8000000000000000000000000000000000044
:10B50800000000000000000000000000DD2D000029
:10B518000000000000010000000000000000000022
:10B528000000000000000000000000000000000013
:10B53800000000000000000000000000670000009C
:10B5480000000000000000000000000000000000F3
:10B5580000000000000000000000000000000000E3
:10B5680000000000000000000000000000000000D3
:10B5780000000000000000000000000000000000C3
:10B5880000000000000000000000000000000000B3
:10B5980000000000000000000000000000000000A3
:10B5A8000000000000000000000000000000000093
:10B5B8000000000000000000000000000000000083
:10B5C8000000000000000000F576000000C01050E8
:10B5D8000000000000000000000000000000000063
:10B5E8000000000000000000000000000000000053
:10B5F8000000000000000000000000000000000043
:10B608000000000000000000000000000000000032
:10B618000000000000000000000000000000000022
:10B628000000000000000000000000000000000012
:10B638000000000000000000000000000000000002
:10B648000001000000A00D500000000000000000F4
:10B6580000000000000000000000000000000000E2
:10B6680000000000000000000000000000000000D2
:10B6780000000000000000000000000000000000C2
:10B6880000000000000000000000000000000000B2
:10B6980000000000000000000000000000000000A2
:10B6A8000000000000000000000000000000000092
:10B6B8000000000000000000000000000000000082
:10B6C800F13200000000000000000000000000004F
:10B6D8000000000000808101000001018F7B000054
:10B6E800000100000937000098AC0000140A00208F
:10B6F800FFFF00000000000000000000F803002029
:10B708000000000000000000B80400200000000055
:10B7180000000000A947000000000000FF00000032
:10B728000090D003FF0000000F000000710200002D
:08B73800600200206002002005
:10B7400000000000000000000000000000000000F9
:10B7500000000000000000000000000000000000E9
:10B760000000000000000000916F000000000000D9
:10B770000000000000000000A0020020A002002045
:10B78000EB7A000000000000000000000000000054
:08B790000000000000000000B1
:10B79800C0020020C00200200C00000010000000C1
:10B7A80078200020382100207820002078200020F0
:08B7B800000000000000000089
:04B7C00015E015E09B
:04000003000025458F
:00000001FF
