:10000000182400209D2700005D9300008927000030
:100010008927000089270000892700008927000020
:100020000000000000000000000000007528000033
:100030008927000000000000212A00008927000015
:10004000A92A0000A92A0000A92A0000A92A000064
:10005000A92A0000A92A0000A92A0000A92A000054
:10006000A92A0000A92A0000A92A0000A92A000044
:10007000A92A0000A92A0000A92A0000A92A000034
:10008000A92A0000A92A0000A92A0000A92A000024
:10009000A92A0000A92A0000A92A0000A92A000014
:1000A000A92A0000A92A0000A92A0000A92A000004
:1000B000A92A0000A92A0000A92A0000A92A0000F4
:1000C000A92A0000A92A0000A92A0000A92A0000E4
:1000D000A92A0000A92A0000A92A0000A92A0000D4
:1000E000A92A0000A92A0000A92A0000A92A0000C4
:1000F000A92A0000A92A0000A92A0000A92A0000B4
:10010000A92A0000A92A0000A92A0000A92A0000A3
:10011000A92A0000A92A0000A92A0000A92A000093
:10012000A92A0000A92A0000A92A0000A92A000083
:10013000A92A0000A92A0000A92A0000A92A000073
:10014000A92A0000A92A0000A92A0000A92A000063
:10015000A92A0000A92A0000A92A0000A92A000053
:10016000A92A0000A92A0000A92A0000A92A000043
:10017000A92A0000A92A0000A92A0000A92A000033
:10018000A92A0000A92A0000A92A0000A92A000023
:10019000A92A0000A92A0000A92A0000A92A000013
:1001A000A92A0000A92A0000A92A0000A92A000003
:1001B000A92A0000A92A0000A92A0000A92A0000F3
:1001C000A92A0000A92A0000A92A0000A92A0000E3
:1001D000A92A0000A92A0000A92A0000A92A0000D3
:1001E000A92A0000A92A0000A92A0000A92A0000C3
:1001F000A92A0000A92A0000A92A0000A92A0000B3
:10020000A92A0000A92A0000A92A0000A92A0000A2
:10021000A92A0000A92A0000A92A0000A92A000092
:10022000A92A0000A92A0000A92A0000A92A000082
:10023000A92A0000A92A0000A92A0000A92A000072
:10024000A92A0000A92A0000A92A0000A92A000062
:10025000A92A0000A92A0000A92A0000A92A000052
:10026000A92A0000A92A0000A92A0000A92A000042
:10027000A92A0000A92A0000A92A0000A92A000032
:10028000A92A0000A92A0000A92A0000A92A000022
:10029000A92A0000A92A0000A92A0000A92A000012
:1002A000A92A0000A92A0000A92A0000A92A000002
:1002B000A92A0000A92A0000A92A0000A92A0000F2
:1002C000A92A0000A92A0000A92A0000A92A0000E2
:1002D000A92A0000A92A0000A92A0000A92A0000D2
:1002E000A92A0000A92A0000A92A0000A92A0000C2
:1002F000A92A0000A92A0000A92A0000A92A0000B2
:10030000A92A0000A92A0000A92A0000A92A0000A1
:10031000A92A0000A92A0000A92A0000A92A000091
:10032000A92A0000A92A0000A92A0000A92A000081
:10033000A92A0000A92A0000A92A0000A92A000071
:10034000A92A0000A92A0000A92A0000A92A000061
:10035000A92A0000A92A0000A92A0000A92A000051
:10036000A92A0000A92A0000A92A0000A92A000041
:10037000A92A0000A92A0000A92A0000A92A000031
:10038000A92A0000A92A0000A92A0000A92A000021
:10039000A92A0000A92A0000A92A0000A92A000011
:1003A000A92A0000A92A0000A92A0000A92A000001
:1003B000A92A0000A92A0000A92A0000A92A0000F1
:1003C000A92A0000A92A0000A92A0000A92A0000E1
:1003D000A92A0000A92A0000A92A0000A92A0000D1
:1003E000A92A0000A92A0000A92A0000A92A0000C1
:1003F000A92A0000A92A0000A92A0000A92A0000B1
:10040000A92A0000A92A0000A92A0000A92A0000A0
:10041000A92A0000A92A0000A92A0000A92A000090
:10042000A92A0000A92A0000A92A0000A92A000080
:10043000A92A0000A92A0000A92A0000A92A000070
:10044000A92A0000A92A0000A92A0000A92A000060
:10045000A92A0000A92A0000A92A0000A92A000050
:10046000A92A0000A92A0000A92A0000A92A000040
:0C047000A92A0000A92A0000A92A000007
:1004800081F0004102E000BF83F0004330B54FEA45
:1004900041044FEA430594EA050F08BF90EA020FB2
:1004A0001FBF54EA000C55EA020C7FEA645C7FEA45
:1004B000655C00F0E2804FEA5454D4EB5555B8BF68
:1004C0006D420CDD2C4480EA020281EA030382EAD9
:1004D000000083EA010180EA020281EA0303362D6B
:1004E00088BF30BD11F0004F4FEA01314FF4801C3E
:1004F0004CEA113102D0404261EB410113F0004F50
:100500004FEA03334CEA133302D0524263EB430306
:1005100094EA050F00F0A780A4F10104D5F1200EA4
:100520000DDB02FA0EFC22FA05F2801841F10001FF
:1005300003FA0EF2801843FA05F359410EE0A5F1D3
:1005400020050EF1200E012A03FA0EFC28BF4CF004
:10055000020C43FA05F3C01851EBE37101F00045BA
:1005600007D54FF0000EDCF1000C7EEB00006EEBC7
:100570000101B1F5801F1BD3B1F5001F0CD3490851
:100580005FEA30004FEA3C0C04F101044FEA4452A8
:1005900012F5800F80F09A80BCF1004F08BF5FEA2F
:1005A000500C50F1000041EB045141EA050130BD0F
:1005B0005FEA4C0C404141EB0101013C28BFB1F521
:1005C000801FE9D291F0000F04BF01460020B1FA6C
:1005D00081F308BF2033A3F10B03B3F120020CDA3F
:1005E0000C3208DD02F1140CC2F10C0201FA0CF01D
:1005F00021FA02F10CE002F11402D8BFC2F1200C82
:1006000001FA02F120FA0CFCDCBF41EA0C01904037
:10061000E41AA2BF01EB0451294330BD6FEA040480
:100620001F3C1CDA0C340EDC04F11404C4F120026B
:1006300020FA04F001FA02F340EA030021FA04F37D
:1006400045EA030130BDC4F10C04C4F1200220FAD4
:1006500002F001FA04F340EA0300294630BD21FA12
:1006600004F0294630BD94F0000F83F4801306BFD8
:1006700081F480110134013D4EE77FEA645C18BFCC
:100680007FEA655C29D094EA050F08BF90EA020F63
:1006900005D054EA000C04BF1946104630BD91EA5B
:1006A000030F1EBF0021002030BD5FEA545C05D15E
:1006B0004000494128BF41F0004130BD14F580049D
:1006C0003CBF01F5801130BD01F0004545F0FE4111
:1006D00041F470014FF0000030BD7FEA645C1ABF46
:1006E000194610467FEA655C1CBF0B46024650EA7D
:1006F000013406BF52EA033591EA030F41F40021A9
:1007000030BD00BF90F0000F04BF0021704730B52E
:100710004FF4806404F132044FF000054FF0000103
:1007200050E700BF90F0000F04BF0021704730B5C4
:100730004FF4806404F1320410F0004548BF404299
:100740004FF000013EE700BF42004FEAE2014FEAEE
:1007500031014FEA02701FBF12F07F4393F07F4FC9
:1007600081F06051704732F07F4208BF704793F0CC
:100770007F4F04BF41F40021704730B54FF46074DF
:1007800001F0004521F000411CE700BF50EA0102E2
:1007900008BF704730B54FF000050AE050EA01028B
:1007A00008BF704730B511F0004502D5404261EBFB
:1007B00041014FF4806404F132045FEA915C3FF43C
:1007C000D8AE4FF003025FEADC0C18BF03325FEAD9
:1007D000DC0C18BF033202EBDC02C2F1200300FA8A
:1007E00003FC20FA02F001FA03FE40EA0E0021FAAF
:1007F00002F11444BDE600BF70B54FF0FF0C4CF49D
:10080000E06C1CEA11541DBF1CEA135594EA0C0F4E
:1008100095EA0C0F00F0DEF82C4481EA030621EA89
:100820004C5123EA4C5350EA013518BF52EA0335C4
:1008300041F4801143F4801338D0A0FB02CE4FF076
:100840000005E1FB02E506F00042E0FB03E54FF0A6
:100850000006E1FB03569CF0000F18BF4EF0010E9E
:10086000A4F1FF04B6F5007F64F5407404D25FEA9A
:100870004E0E6D4146EB060642EAC62141EA55514D
:100880004FEAC52040EA5E504FEACE2EB4F1FD0C8F
:1008900088BFBCF5E06F1ED8BEF1004F08BF5FEA0D
:1008A000500E50F1000041EB045170BD06F00046BF
:1008B00046EA010140EA020081EA0301B4EB5C046C
:1008C000C2BFD4EB0C0541EA045170BD41F4801164
:1008D0004FF0000E013C00F3AB8014F1360FDEBF89
:1008E000002001F0004170BDC4F10004203C35DA65
:1008F0000C341BDC04F11404C4F1200500FA05F3E8
:1009000020FA04F001FA05F240EA020001F0004288
:1009100021F0004110EBD37021FA04F642EB0601FE
:100920005EEA430E08BF20EAD37070BDC4F10C0428
:10093000C4F1200500FA04F320FA05F001FA04F2EC
:1009400040EA020001F0004110EBD37041F10001D8
:100950005EEA430E08BF20EAD37070BDC4F12005E3
:1009600000FA05F24EEA020E20FA04F301FA05F24B
:1009700043EA020321FA04F001F0004121FA04F2F3
:1009800020EA020000EBD3705EEA430E08BF20EAC3
:10099000D37070BD94F0000F0FD101F000464000FD
:1009A00041EB010111F4801F08BF013CF7D041EA7F
:1009B000060195F0000F18BF704703F00046520083
:1009C00043EB030313F4801F08BF013DF7D043EA54
:1009D0000603704794EA0C0F0CEA135518BF95EA0A
:1009E0000C0F0CD050EA410618BF52EA4306D1D191
:1009F00081EA030101F000414FF0000070BD50EAB0
:100A0000410606BF1046194652EA430619D094EA39
:100A10000C0F02D150EA013613D195EA0C0F05D123
:100A200052EA03361CBF104619460AD181EA030177
:100A300001F0004141F0FE4141F470014FF000002F
:100A400070BD41F0FE4141F4780170BD70B54FF0CA
:100A5000FF0C4CF4E06C1CEA11541DBF1CEA13554A
:100A600094EA0C0F95EA0C0F00F0A7F8A4EB05042C
:100A700081EA030E52EA03354FEA013100F0888023
:100A80004FEA03334FF0805545EA131343EA1263EC
:100A90004FEA022245EA111545EA10654FEA0026A1
:100AA0000EF000419D4208BF964244F1FD0404F55A
:100AB000407402D25B084FEA3202B61A65EB0305B6
:100AC0005B084FEA32024FF480104FF4002CB6EB73
:100AD000020E75EB030E22BFB61A754640EA0C00F3
:100AE0005B084FEA3202B6EB020E75EB030E22BF33
:100AF000B61A754640EA5C005B084FEA3202B6EB74
:100B0000020E75EB030E22BFB61A754640EA9C0032
:100B10005B084FEA3202B6EB020E75EB030E22BF02
:100B2000B61A754640EADC0055EA060E18D04FEAC0
:100B3000051545EA16754FEA06164FEAC30343EA60
:100B400052734FEAC2025FEA1C1CC0D111F4801F2D
:100B50000BD141EA00014FF000004FF0004CB6E726
:100B600011F4801F04BF01430020B4F1FD0C88BFC5
:100B7000BCF5E06F3FF6AFAEB5EB030C04BFB6EBD0
:100B8000020C5FEA500C50F1000041EB045170BDC3
:100B90000EF0004E4EEA113114EB5C04C2BFD4EBF0
:100BA0000C0541EA045170BD41F480114FF0000E74
:100BB000013C90E645EA060E8DE60CEA135594EAF0
:100BC0000C0F08BF95EA0C0F3FF43BAF94EA0C0FF3
:100BD0000AD150EA01347FF434AF95EA0C0F7FF468
:100BE00025AF104619462CE795EA0C0F06D152EABC
:100BF00003353FF4FDAE1046194622E750EA4106A0
:100C000018BF52EA43067FF4C5AE50EA41047FF4B0
:100C10000DAF52EA43057FF4EBAE12E74FF0FF3C15
:100C200006E000BF4FF0010C02E000BF4FF0010CE6
:100C30004DF804CD4FEA410C7FEA6C5C4FEA430C5F
:100C400018BF7FEA6C5C1BD001B050EA410C0CBFAE
:100C500052EA430C91EA030F02BF90EA020F002010
:100C6000704710F1000F91EA030F58BF994208BF77
:100C700090422CBFD8176FEAE37040F00100704734
:100C80004FEA410C7FEA6C5C02D150EA013C07D18B
:100C90004FEA430C7FEA6C5CD6D152EA033CD3D0D6
:100CA0005DF8040B704700BF8446104662468C46D0
:100CB0001946634600E000BF01B5FFF7B7FF002803
:100CC00048BF10F1000F01BD4DF808EDFFF7F4FF2C
:100CD0000CBF012000205DF808FB00BF4DF808EDB7
:100CE000FFF7EAFF34BF012000205DF808FB00BFDA
:100CF0004DF808EDFFF7E0FF94BF012000205DF8FC
:100D000008FB00BF4DF808EDFFF7CEFF94BF0120B0
:100D100000205DF808FB00BF4DF808EDFFF7C4FFA9
:100D200034BF012000205DF808FB00BF4FEA4102FC
:100D300012F5001215D211D56FF47873B3EB62522D
:100D400012D94FEAC12343F0004343EA505311F054
:100D5000004F23FA02F018BF404270474FF00000E6
:100D6000704750EA013005D111F0004008BF6FF024
:100D7000004070474FF00000704700BF4A0011D29A
:100D800012F5001211D20DD56FF47873B3EB6252E5
:100D90000ED44FEAC12343F0004343EA505323FAF1
:100DA00002F070474FF00000704750EA013002D166
:100DB0004FF0FF3070474FF0000070474FEA41029C
:100DC000B2F1E04324BFB3F5001CDCF1FE5C0DD9A9
:100DD00001F0004C4FEAC0024CEA5070B2F1004FF3
:100DE00040EB830008BF20F00100704711F0804FF6
:100DF00021D113F13872BCBF01F00040704741F4BB
:100E000080114FEA5252C2F11802C2F1200C10FABE
:100E10000CF320FA02F018BF40F001004FEAC123A2
:100E20004FEAD32303FA0CFC40EA0C0023FA02F346
:100E30004FEA4303CCE77FEA625307D150EA01331C
:100E40001EBF4FF0FE4040F44000704701F00040EC
:100E500040F0FE4040F40000704700BF80F00040CA
:100E600002E000BF81F0004142001FBF5FEA410382
:100E700092EA030F7FEA226C7FEA236C6AD04FEA82
:100E80001262D2EB1363C1BFD218414048404140C7
:100E9000B8BF5B42192B88BF704710F0004F40F479
:100EA000000020F07F4018BF404211F0004F41F495
:100EB000000121F07F4118BF494292EA030F3FD061
:100EC000A2F1010241FA03FC10EB0C00C3F1200374
:100ED00001FA03F100F0004302D5494260EB400003
:100EE000B0F5000F13D3B0F1807F06D340084FEA6E
:100EF000310102F10102FE2A51D2B1F1004F40EB63
:100F0000C25008BF20F0010040EA030070474900CA
:100F100040EB0000013A28BFB0F5000FEDD2B0FA67
:100F200080FCACF1080CB2EB0C0200FA0CF0AABF8A
:100F300000EBC25052421843BCBFD0401843704728
:100F400092F0000F81F4000106BF80F4000001322E
:100F5000013BB5E74FEA41037FEA226C18BF7FEA05
:100F6000236C21D092EA030F04D092F0000F08BF47
:100F70000846704790EA010F1CBF0020704712F02E
:100F80007F4F04D1400028BF40F00040704712F16D
:100F900000723CBF00F50000704700F0004343F0D2
:100FA000FE4040F4000070477FEA226216BF084608
:100FB0007FEA23630146420206BF5FEA412390EACB
:100FC000010F40F4800070474FF0000304E000BFC1
:100FD00010F0004348BF40425FEA000C08BF704772
:100FE00043F0964301464FF000001CE050EA010236
:100FF00008BF70474FF000030AE000BF50EA01024B
:1010000008BF704711F0004302D5404261EB410137
:101010005FEA010C02BF84460146002043F0B6435C
:1010200008BFA3F18053A3F50003BCFA8CF2083A81
:10103000A3EBC25310DB01FA02FC634400FA02FC8A
:10104000C2F12002BCF1004F20FA02F243EB020091
:1010500008BF20F00100704702F1200201FA02FCF3
:10106000C2F1200250EA4C0021FA02F243EB0200E6
:1010700008BF20EADC7070474FF0FF0C1CEAD0522A
:101080001EBF1CEAD15392EA0C0F93EA0C0F6FD0EB
:101090001A4480EA010C400218BF5FEA41211ED0C9
:1010A0004FF0006343EA501043EA5111A0FB0131B5
:1010B0000CF00040B1F5000F3EBF490041EAD3718A
:1010C0005B0040EA010062F17F02FD2A1DD8B3F106
:1010D000004F40EBC25008BF20F00100704790F075
:1010E000000F0CF0004C08BF49024CEA502040EAC7
:1010F00051207F3AC2BFD2F1FF0340EAC25070478D
:1011000040F400004FF00003013A5DDC12F1190FCA
:10111000DCBF00F000407047C2F10002410021FA3C
:1011200002F1C2F1200200FA02FC5FEA310040F154
:10113000000053EA4C0308BF20EADC70704792F0CD
:10114000000F00F0004C02BF400010F4000F013A05
:10115000F9D040EA0C0093F0000F01F0004C02BF00
:10116000490011F4000F013BF9D041EA0C018FE76F
:101170000CEAD15392EA0C0F18BF93EA0C0F0AD075
:1011800030F0004C18BF31F0004CD8D180EA01009B
:1011900000F00040704790F0000F17BF90F0004F34
:1011A000084691F0000F91F0004F14D092EA0C0F16
:1011B00001D142020FD193EA0C0F03D14B0218BFA9
:1011C000084608D180EA010000F0004040F0FE40EF
:1011D00040F40000704740F0FE4040F4400070478B
:1011E0004FF0FF0C1CEAD0521EBF1CEAD15392EA0A
:1011F0000C0F93EA0C0F69D0A2EB030280EA010CFA
:1012000049024FEA402037D04FF0805343EA111192
:1012100043EA10130CF000408B4238BF5B0042F1F0
:101220007D024FF4000C8B4224BF5B1A40EA0C0095
:10123000B3EB510F24BFA3EB510340EA5C00B3EBC7
:10124000910F24BFA3EB910340EA9C00B3EBD10FB5
:1012500024BFA3EBD10340EADC001B0118BF5FEA07
:101260001C1CE0D1FD2A3FF650AF8B4240EBC25030
:1012700008BF20F0010070470CF0004C4CEA5020F1
:101280007F32C2BFD2F1FF0340EAC250704740F440
:1012900000004FF00003013A37E792F0000F00F032
:1012A000004C02BF400010F4000F013AF9D040EAB0
:1012B0000C0093F0000F01F0004C02BF490011F444
:1012C000000F013BF9D041EA0C0195E70CEAD1533C
:1012D00092EA0C0F08D142027FF47DAF93EA0C0F23
:1012E0007FF470AF084676E793EA0C0F04D14B0207
:1012F0003FF44CAF08466EE730F0004C18BF31F0B9
:10130000004CCAD130F000427FF45CAF31F00043B2
:101310007FF43CAF5FE700BF4FF0FF3C06E000BF4B
:101320004FF0010C02E000BF4FF0010C4DF804CD6E
:101330004FEA40024FEA41037FEA226C18BF7FEA7E
:10134000236C11D001B052EA530C18BF90EA010F80
:1013500058BFB2EB030088BFC81738BF6FEAE1700F
:1013600018BF40F0010070477FEA226C02D15FEAAB
:10137000402C05D17FEA236CE4D15FEA412CE1D017
:101380005DF8040B704700BF844608466146FFE7DE
:101390000FB5FFF7C9FF002848BF10F1000F0FBDC0
:1013A0004DF808EDFFF7F4FF0CBF012000205DF8B9
:1013B00008FB00BF4DF808EDFFF7EAFF34BF01203E
:1013C00000205DF808FB00BF4DF808EDFFF7E0FFD7
:1013D00094BF012000205DF808FB00BF4DF808ED28
:1013E000FFF7D2FF94BF012000205DF808FB00BF8B
:1013F0004DF808EDFFF7C8FF34BF012000205DF86D
:1014000008FB00BF4FEA4002B2F1FE4F0FD34FF08E
:101410009E03B3EB12620DD94FEA002343F0004361
:1014200010F0004F23FA02F018BF404270474FF00F
:101430000000704712F1610F01D1420205D110F096
:10144000004008BF6FF0004070474FF00000704749
:101450007BB972B90029BEBF00204FF0004106E001
:1014600008BF00281CBF6FF000414FF0FF3000F0B4
:1014700057B8ADF1080C6DE904CE002909DB002B4B
:101480001ADB00F04FF8DDF804E0DDE9022304B0D8
:101490007047404261EB4101002B1BDB00F042F83A
:1014A000DDF804E0DDE9022304B0404261EB4101D4
:1014B000524263EB43037047524263EB430300F035
:1014C00031F8DDF804E0DDE9022304B0404261EBCD
:1014D00041017047524263EB430300F023F8DDF80B
:1014E00004E0DDE9022304B0524263EB430370479A
:1014F00053B94AB9002908BF00281CBF4FF0FF317B
:101500004FF0FF3000F00CB8ADF1080C6DE904CEDF
:1015100000F008F8DDF804E0DDE9022304B07047CC
:10152000704700BF2DE9F0478C468E46089E154651
:1015300004461946002B40F0D080724547D9B2FAD4
:1015400082F74FB1C7F120030EFA07FCBD40BC4043
:1015500020FA03F343EA0C0C4FEA154EA8B2230C11
:10156000BCFBFEF80EFB18CC08FB00F943EA0C4369
:10157000994528D9EB1808F1FF3204D2994502D9D0
:10158000A8F102022B44A3EB0903A4B2B3FBFEFCB7
:101590000EFB1C330CFB00F044EA0344A04214D9B8
:1015A0002C190CF1FF3304D2A04202D9ACF1020392
:1015B0002C44241A43EA02401EB1FC40002334604C
:1015C0007360BDE8F0874246DDE76346F1E7002A35
:1015D00079D0B2FA82F3002B3FD01946C1F1200333
:1015E00002FA01F500FA01F42EFA03F20EFA01FEF6
:1015F00020FA03F3AFB243EA0E034FEA154EB2FBF3
:10160000FEFC0EFB1C201A0C0CFB07F842EA004201
:1016100090455AD9AA180CF1FF3004D2904502D94E
:10162000ACF102002A44A2EB08029BB2B2FBFEFC22
:101630000EFB1C220CFB07F743EA02439F4246D9EC
:10164000EB180CF1FF3204D29F4202D9ACF1020236
:101650002B44DB1B42EA004202E0AEEB0203012214
:101660004FEA154EAFB2200CB3FBFEFC0EFB1C3351
:101670000CFB07F840EA034398452AD9EB180CF114
:10168000FF3004D2984502D9ACF102002B44A3EB01
:101690000803A4B2B3FBFEFC0EFB1C330CFB07F7E4
:1016A00044EA0344A74216D92C190CF1FF3304D2A3
:1016B000A74202D9ACF102032C44E41B43EA0040E8
:1016C0000F46114678E71F2188E76046ABE7624680
:1016D000BFE76046DBE76346EFE7734506D916B917
:1016E000002108466DE7C6E9000EF9E7B3FA83F773
:1016F00087B9734501D3824207D8841A6EEB03037E
:1017000001209C461EB900215BE73846FAE7C6E98E
:10171000004CF8E7C7F1200CBB4000FA07F422FAAE
:101720000CF520FA0CF1BA401D432EFA0CF30EFA18
:1017300007FE4FEA154941EA0E011FFA85FEB3FB89
:10174000F9F809FB18300B0C08FB0EFA43EA0043CA
:101750009A4540D9EB1808F1FF3004D29A4502D9D6
:10176000A8F102002B44A3EB0A0389B2B3FBF9F8FA
:1017700009FB183308FB0EFE41EA03418E452CD9C4
:10178000691808F1FF3304D28E4502D9A8F102038B
:10179000294443EA0040A1EB0E01A0FB0298414519
:1017A000CE46434602D306D14C4504D20138B9EBAC
:1017B000020E68EB0503002EA5D0B4EB0E0261EB20
:1017C000030101FA0CFC22FA07F3F9404CEA030387
:1017D000C6E9003197E74046C5E74346D9E7000030
:1017E0002DE9F04721F00042B34F88B00446BA42D9
:1017F0000D464FEAD17632D9B04FBA4212D9C1F371
:1018000013030246034305D00B46FEF73FFE044692
:101810000D4602E0002E40F01F812046294608B008
:10182000BDE8F0878EA3D3E90023FFF775FA0746DA
:1018300028B1002008B0BDE8F04707F041B98AA3FD
:10184000D3E9002320462946FFF748FA002800F094
:101850008580384608B0BDE8F0470AF025B9984BB6
:101860009A4240F2A780974B9A4277D8964BF40061
:1018700086F0010A03EBC603AAEB060AD3E90023AC
:10188000FEF702FE914B804689462344D3E900349B
:10189000CDE90034DDE9002340464946FEF7F4FD7A
:1018A00004460D4622462B4620462946FEF7A4FF55
:1018B00006460F466EA3D3E90023FEF79DFF6EA3F5
:1018C000D3E90023FEF7E0FD32463B46FEF794FFE6
:1018D0006BA3D3E90023FEF7D9FD32463B46FEF762
:1018E0008BFF69A3D3E90023FEF7CEFD32463B46CA
:1018F000FEF782FF66A3D3E90023FEF7C7FD324659
:101900003B46FEF779FF02460B4620462946FEF786
:10191000BBFD02460B4606460F4620462946FEF70B
:101920006BFFCDE90201BAF1000F5AD100224FF04E
:10193000804330463946FEF7A7FD02460B46DDE9F7
:101940000201FFF783F822462B46FEF79DFD024673
:101950000B4600205E49FEF797FD58E75D4B204699
:10196000294603EBC6064CA3D3E90023FEF744FF48
:10197000D6E90023FEF78AFDFFF7D8F98246FEF785
:10198000D1FE06460F4646A3D3E90023FEF734FFF7
:1019900002460B4620462946FEF776FD80468946DC
:1019A0003046394640A3D3E90023FEF725FFCDE9B1
:1019B00000016FE7484B9A420ED83DA3D3E90023BC
:1019C000FEF764FD0022424BFFF7A6F938B1002272
:1019D0003F4B2046294618E74FF0000A62E782464F
:1019E00060E732463B4600204FF08041FEF74CFD59
:1019F00002460B46DDE90201FFF728F802460B46D6
:101A0000DDE90001FEF740FD42464B46FEF73CFD96
:101A100002460B4600202E49FEF736FD0B460C46CB
:101A20006FF47F7102468A4508DBCDE90423DDE9C6
:101A3000042304EB0A5314461D46EEE60AF57A7AAF
:101A4000CDE906230022DDE9060103EB0A514FF040
:101A5000B873FEF7D1FEDAE600240025DDE600BF0C
:101A6000EF39FAFE422E864051302DD5104987C0FD
:101A7000D0A4BE726937663EF16BD2C541BDBB3E94
:101A80002CDE25AF6A56113F93BDBE166CC1663F72
:101A90003E5555555555C53FFE822B654715F73FB9
:101AA0000000E0FE422EE63F763C7935EF39EA3D14
:101AB0009C7500883CE4377E412E8640FFFFEF7F17
:101AC000422ED63FB1A2F03F48C9000038C90000FD
:101AD0000000F03F58C90000FFFFEF3D000000008C
:101AE00030F0004201462DE9F84F034604D10120B1
:101AF000BDE8F84F06F0F0BF002803DABDE8F84F64
:101B000006F0F2BFB0F1FF4F03DBFFF7ADF9BDE820
:101B1000F88FB0F5000F35DA4FF09841FFF7ACFAC7
:101B20006FF018020346C3F31604DE15764B4FF030
:101B30007E517F3E2344164403F4000006EBD35647
:101B400080F07E502043FFF78DF904F10F026F4BB8
:101B500005461340002B3ED10021FFF721FC98B130
:101B6000002E00F0C8803046FFF732FA684905467B
:101B7000FFF782FA044667492846FFF77DFA0146D7
:101B80002046C2E70022CEE75DA1D1E90001FFF7C0
:101B900015F92946FFF770FA01464FF07C50FFF720
:101BA00061F9044629462846FFF766FA01462046B1
:101BB000FFF762FA04460EB921466FE03046FFF7A0
:101BC00007FA07465249FFF757FA52490646384680
:101BD000FFF752FA72E04FF08041DFF83CB1FFF7B7
:101BE00043F901462846A344FFF7FAFA81463046F6
:101BF000FFF7EEF9494680464846FFF73DFA0146B1
:101C00008246FFF739FA45490746FFF735FA444956
:101C1000FFF72AF93946FFF72FFA4249FFF724F96F
:101C20003946FFF729FA4049FFF71EF95146FFF7F9
:101C300023FA3E4982463846FFF71EFA3C49FFF731
:101C400013F93946FFF718FA3A49FFF70DF9394603
:101C5000FFF712FA01465046FFF706F9C4F557138D
:101C6000074603F5227343EA0B03002B30DD4FF0E8
:101C70007C512846FFF700FA2946FFF7FDF9014697
:101C800004463846FFF7F0F84946FFF7F5F90746EE
:101C900046B901462046FFF7E5F801462846FFF71A
:101CA000E1F834E71A494046FFF7E6F919490646D4
:101CB0004046FFF7E1F93946FFF7D6F801462046DE
:101CC000FFF7D0F82946FFF7CDF801463046E6E7A2
:101CD00001462846FFF7C6F84946FFF7CDF9044606
:101CE000002E3FF469AF0A494046FFF7C5F909499C
:101CF000064640466CE7002009E700BFAFF30080CE
:101D0000555555555555D53F20FB4A00F0FF7F00EE
:101D10008071313FD1F71737305CCFFF9788173E7E
:101D200025333A3E2549923EABAA2A3F4FD01C3E6E
:101D3000298E633ECDCCCC3E38B5144D2B7813B1F3
:101D4000012B1AD038BD124807F041F94FF4D011D9
:101D5000104806F0D2FE01230446284641F66A02E6
:101D600000F8083B002304F023FE002CEADA2146A9
:101D7000BDE83840084806F04FBC0021054806F091
:101D8000D7FE022304462B70EFE700BFC8000020F7
:101D900048BE000070C90000A0CD000010B54FF48F
:101DA000B0110D4806F0A9FE041E05DA21460B48C5
:101DB00006F032FC204610BD4FF4B011084806F082
:101DC0009CFE041EF2DB40F635420023054804F079
:101DD000B7FD0024EEE700BF68C90000A0CD0000F9
:101DE00070C90000D000002010B54368124A23F0EB
:101DF000FF03934215D18468012C1BD10F4809F0D1
:101E00000DF8B8B121460E4806F092FE002140F6CA
:101E1000354009F019FA00210948BDE8104006F0E4
:101E200087BE084A934205D181680748003918BF28
:101E30000121F2E710BD00BF00010B0050BC000003
:101E400068C900000001020070C9000008B50B4914
:101E50000B4806F0E1FB0B4A0B490C4806F0DCFB93
:101E60004FF4D0110A4806F048FE0A4807F0AFF8D0
:101E7000084807F0ACF8002008BD00BFBECD000048
:101E8000DECD0000F2CD0000FBCD000007CE00004B
:101E900078C90000B8BD0000014B1B68184700BF9F
:101EA00068040020014B1860704700BF68040020E0
:101EB00030B5044685B00D4610220021684609F071
:101EC00076FD02238DF80230044B2A4621466846EF
:101ED000019306F0B3FB05B030BD00BF991E0000B2
:101EE0002DE9F047058B0446280717460CD5012934
:101EF0000CBF45F0100545F02005258387F31188B8
:101F0000BFF36F8FBDE8F087022905F0070540F0A9
:101F10009480204606F0C2FE052864D801A353F839
:101F200020F000BFFD1E00003B200000E71F000066
:101F3000A91F0000C31F0000D51F000001F0070308
:101F40005A1F012A1FD8002221F00701062BD4F8BE
:101F5000008089B2C4E9002209D1434603E0628BC4
:101F6000013262831B68002BF9D141F00201204647
:101F7000218306F093FE4FF0000900286DD041F058
:101F80002001218369E0042B0AD121F0070189B2E5
:101F90002046218306F082FE10B141F0200121830A
:101FA0004FF00008C14658E02369D3F80090238B16
:101FB00023F0070343F006034FF00008238346464F
:101FC0004BE02369D3F80490238B23F0070343F0FD
:101FD0000403F1E72369D3F80890238B23F0070368
:101FE00043F00503E8E74FF00008C146E7E70122A8
:101FF00043F00803238387F31188BFF36F8F002A10
:102000003BD1B8F1000F4AD1B9F1000F02D0204600
:102010002C49C847EFF31187202383F31288BFF3BD
:102020006F8F238B23F008039BB22383D9063FD500
:1020300023F01002228303F007056669218B002E2E
:10204000BFF67CAF00239946D4F8008021F0070149
:10205000C4E9003341F001012183238B03F0070A17
:10206000AA4502D0A268002AC1D1B8F1000F02D15E
:10207000B9F1000FDAD00022BAE7A1680029C0D078
:102080000D680029BDD03346524620464F68B847F8
:102090001DB12B6829461D46F3E72B46FAE741465A
:1020A000334652462046D8F8008006F023FEA8E7C3
:1020B0009A067FF523AF23F02002228303F0070561
:1020C00027E700BF218D0000014B0360002070470F
:1020D00080C9000070B5046A0D469CB31E4A23797E
:1020E000565CB34231D01D4A525C9A4230D1A3684B
:1020F0009847002810DA022D0CD0032D0BD110F1D7
:10210000860F07D0D4E8EF3F43F00203C4E8E23F74
:10211000002AF6E7267170BD022D267101D000203D
:10212000F9E7D4E8EF3F23F00403C4E8E23F002AD4
:10213000F7D1D4E8EF3F23F00203C4E8E23F002ADE
:10214000EDD0F6E76FF05700E5E76FF07700E2E7D4
:102150006FF08500DFE700BFCED30000CAD30000D8
:10216000024B187880F00100704700BFD4120020A5
:10217000F8B5056A0646002D5ED00521284606F012
:10218000FDFE00285BD1304606F09CFE0446002888
:1021900057D10821306A06F0F1FEE0B1356AEFF35D
:1021A0001187202383F31288BFF36F8F297931B908
:1021B0003046AB689847041E07DB01232B712B6860
:1021C00043F020032B600023EB6087F31188BFF3FB
:1021D0006F8F2046F8BDFFF7C3FF38B94FF0FF32CD
:1021E0004FF0FF3305F1180006F0CEFE6B692BB9F6
:1021F00015496E6105F1380008F03EFF2979C9B92B
:10220000AB6868699847041E0BDB01232B71002320
:10221000EB60D5E8EF3F43F02003C5E8E23F002A3A
:10222000F7D1FFF79DFF0028D3D105F1180006F084
:10223000ADFECEE70024EAE76FF08504C9E700248D
:10224000C7E76FF00F04C4E78F92000008B5044899
:1022500006F0FCFC034806F0F9FC002008BD00BFB6
:102260001DCE00005BCE000080B505460E46174629
:10227000984604F089FF034600F028FC0446DFF886
:102280001890424649F8003039463046A84754F87D
:10229000090000F0AFFB00BF0800000008B50348CC
:1022A000034A0021121A07F051F808BD2807002040
:1022B000D8120020074808B5074A0849121A07F043
:1022C00047F8BDE808400648064A0749121A07F0D1
:1022D0003FB800BF60000020280700200CD4000099
:1022E00060000020600000200CD4000038B50546D6
:1022F0000C4699B1D1E901230F48096806F0A6FC04
:10230000D4E90423E1680D4806F0A0FCE1690C481B
:1023100006F09CFCA1690B4806F098FC012D05D144
:10232000EFF305810848103906F090FC2146284655
:10233000BDE8384003F02CBE89CE0000B9CE0000C5
:10234000E9CE0000F9CE000028CF000030BFFFF733
:10235000FDBF00BF2DE9F04105460B4EDFF82C8094
:10236000324606EB0807CC1B2046094909F012FB50
:10237000A01942460021083C09F019FBC5F8AC4001
:1023800007F10800BDE8F081000000000400000033
:1023900010C9000010B5204C204806F057FCA36A75
:1023A000990137D51E4806F051FC1E20A36ADA01B8
:1023B00003D51C4806F04AFC1F20174CA36ADB0219
:1023C00003D5194806F042FC0220A36A1C0303D57A
:1023D000164806F03BFC21200F4CA36A590303D595
:1023E000134806F033FC2220A36A9A0303D5114850
:1023F00006F02CFC2320084CA36ADB0303D50E480F
:1024000006F024FC2420A36A6FEA03436FEA134317
:10241000A36210BD1D20C9E700ED00E03CCF000025
:1024200055CF000069CF000084CF0000AFCF00007F
:10243000CECF0000F4CF00000FD0000070B5244CC8
:10244000064624480D4606F001FCA36AD90435D59A
:10245000214806F0FBFB1720A36A1A0503D51F4885
:1024600006F0F4FB18201A4CA36A9B050FD51C48F4
:1024700006F0ECFBA16BA36A180407D5194806F017
:10248000E5FB1EB1A36A23F40043A3621920104C9C
:10249000A36A590503D5144806F0D8FB1A20A36A8D
:1024A000DA050DD5114806F0D1FB1B20084A936AC6
:1024B00043F47F43936200232B7070BD1620CBE75B
:1024C000A36A9B04F2D50A4806F0C0FB1C20EDE786
:1024D00000ED00E03BD0000052D0000064D00000CE
:1024E00078D0000092D00000A8D00000C4D0000036
:1024F000DDD0000070B5264C064626480D4606F095
:10250000A5FBA36AD80640D5234806F09FFB1120FF
:10251000A36A190703D5214806F098FB12201C4C2A
:10252000A36A9A070FD51E4806F090FB616BA36A59
:102530001B0607D51B4806F089FB1EB1A36A23F0D2
:102540008003A3621320124CA36ADE0703D516484A
:1025500006F07CFB1420A36A9C0603D5134806F002
:1025600075FB15200A4B9A6AD10658BF9A6A9A6A77
:10257000920642BF5A6A22F400525A629A6A42F0A4
:10258000FF029A6200232B7070BD1020C0E700BFCD
:1025900000ED00E00DD1000024D1000064D0000067
:1025A00058D1000071D1000088D10000DDD00000BA
:1025B000F0B5614B0446586800258BB0C0F30803A2
:1025C00085F31188BFF36F8F02F07F46B6F17F4F1E
:1025D00006D102F00C06082E0CD1584806F036FB46
:1025E000574806F033FB002108460BB0BDE8F04029
:1025F000FFF77CBE16074CBF0C460125002CEFD020
:102600000026DA1E8DF80760092A00F28580DFE8CF
:1026100002F005797D75838383838381494806F0C1
:1026200015FB8DF80760444EF36A9A0704D54648B7
:1026300006F00CFB00232AE0F36A002B01DA434882
:10264000F6E7F36A5B00F5D5414806F0FFFA7369D7
:10265000A26943F480737361BFF34F8FBFF36F8F31
:1026600032F8023C726922F480727261BFF34F8FBC
:10267000BFF36F8F03F47F42B2F55F4F26D1DBB219
:10268000022B23D12168334806F0E0FA23689DF835
:102690000720CAB902AE04F12007324620686168FB
:1026A000083403C2BC421646F7D1099A002D3FD028
:1026B000C2F3080121B96FEA52226FEA422209925D
:1026C000184602A9FFF712FE0BB0F0BD1A4B9A6A2A
:1026D000D2B22AB101200DF10701FFF70BFF0FE085
:1026E0009A6A12F47F4F05D001200DF10701FFF720
:1026F000A5FE05E09B6AB3F5803F9BD3FFF74AFE3A
:102700000346C4E700200DF10701E6E700200DF1C4
:102710000701ECE710488BE7A3F110020F4B10F410
:10272000F87F0F490F4808BF194606F08FFA81E776
:102730006FF30802C3E700BF00ED00E0D6D1000050
:1027400002D200003FD2000057D2000079D2000030
:1027500088D20000A8D20000C5D20000A8D1000095
:10276000BDD10000EAD20000064B5A6942F01002C7
:102770005A615A6942F480625A615A6922F0080229
:102780005A61704700ED00E0EFF30880EFF3098134
:1027900001B57246FFF70CFF01BD00BF002080F3BA
:1027A0001488BFF36F8F002080F30A8880F30B88B2
:1027B000104880F3088800200F49087002F08CF957
:1027C00000200E490860BFF34F8F00F02DF8202045
:1027D00080F311880A484FF40061401880F309889B
:1027E000EFF314800221084380F31488BFF36F8F46
:1027F00000F098F818240020D412002094ED00E096
:10280000D8160020002318460649D1F89020C2F3BC
:102810000722934200DB7047C1F89830C1F8A0004E
:102820000133F6E700ED00E010B572B6002484F342
:102830001388FFF7E7FF23464FF0FF300C4A03F100
:1028400020010133102B42F82100F8D100234FF072
:10285000FF30074A03F160010133102B42F82100D9
:10286000F8D162B6BFF34F8FBFF36F8F10BD00BFBB
:1028700000E100E01EF0040F0CBFEFF30880EFF35F
:102880000980816911F8021C0229FFD001B5724646
:1028900006F060FD01BD00BF00B2002807DB012388
:1028A0004109034A00F01F00834042F8213070477D
:1028B00000E100E000B200280CDB012206494309D8
:1028C00000F01F008240203341F82320BFF34F8FD8
:1028D000BFF36F8F704700BF00E100E000B2002837
:1028E00001F10101ACBF00F16040064B4FEA41111C
:1028F000C9B2ABBF00F5614000F00F0080F80013D3
:102900001954704714ED00E0044B054A23F07F038F
:102910009360BFF34F8FBFF36F8F704700000000CD
:1029200000ED00E008B5FFF7EFFF074AD2F8883066
:1029300023F47003C2F88830FFF7B0FCFFF7BAFC4D
:1029400000F0A2F803F0F6FB00ED00E042F8203CB6
:10295000009B0B4942F81C3C019B21F0010142F80D
:10296000183C029B42F8081C42F8143C4FF080735C
:1029700042F8043C0023203A0265C0F8B0307047AA
:102980006922000000B50E4B15469860D0F8AC20C7
:102990000C4B0E461A60D0F89C3083F30B882C4603
:1029A00086F309880020044B984720460021002226
:1029B0000023024C2047000083930000692200009E
:1029C000040E0020000C00201022014B1A617047F9
:1029D00000ED00E0054B5A699B689A421FBF044A0C
:1029E000536843F080535360704700BF040E0020CB
:1029F00000ED00E0084B9B6883420BD1EFF30583A9
:102A000043B1064B5A6842F080525A605A6A22F427
:102A100000425A6208F059BB040E002000ED00E0AD
:102A200016498A684FF030001044EFF3098C80E8B3
:102A3000F01F202080F31288BFF36F8F104F4FF0EC
:102A400000664A698A603E60D2F8AC000D4C206096
:102A5000D2F8B0000023C2F8B03080F3118802F140
:102A6000300090E8F01F8CF3098802F1000004B5F3
:102A700006F07FFCBDE8044070470000040E002013
:102A800004ED00E0000C00200023202040F20F1293
:102A900010B5044CE1180133934281F80003F9D1D9
:102AA00010BD00BF00E100E008B5EFF30583064A62
:102AB000103B02EBC30152F8330049688847BDE878
:102AC0000840FFF787BF00BF6CBE000001480068E8
:102AD00070470000000C00201FB50121094B0A4A75
:102AE0000A4800F0F7F80023064A0393084B012137
:102AF000019301A8D31A029300F0F6F805B05DF82F
:102B000004FB00BF000004200000002080C900007A
:102B1000280700200A7A0B6810B562F304031C46EC
:102B2000CB68520923F01F0343EA4203044A43F0EF
:102B30000103C2F89800C2F89C40C2F8A03010BD52
:102B400000ED00E010B5074BD3F89030C3F3072336
:102B5000013B984202D8FFF7DDFF10BD6FF0150072
:102B6000FBE700BF00ED00E02DE9F04F0F461446F3
:102B700006464FF000084B4D85B0B84580F28E8078
:102B8000D6F80490B9F1000F35D0B9F11F0F40F21B
:102B9000838019F01F0F7FD1D6F800A01AF01F0F05
:102BA0007AD1504606F010FC834609EB0A00013842
:102BB00006F00AFC83456FD11BF1160F6CD05C4503
:102BC0006ADDC5F898B0D5F89C10C5F898B0D5F86E
:102BD000A03021F01F0143F01F0AD6E900321A4449
:102BE000994202F1FF391BD1CA4508D131465FFA3B
:102BF0008BF006F0F2FB08F101080C36BDE7314618
:102C0000C5F898B0D5F89C30E0B263F30402C5F87B
:102C10009C2006F0E2FB10F1160F3DD0441CEAE7C1
:102C2000C5F898B0D5F8A020013B23F01F0302F0AF
:102C30001F021343CA453146E0B2C5F8A030E8D0C0
:102C400006F0CBFB10F1160F26D0C5F898B0D5F8DA
:102C50009C209DF808300AF1FF3A62F304038DF8D6
:102C60000830D5F8A0309DF808205B0863F34712C0
:102C70008DF80820D6E900321344009323F01F0397
:102C80005344A3EB0903013023F01F036946C0B28C
:102C90000393FFF757FFBEE76FF01504204605B01A
:102CA000BDE8F08F00ED00E00522044BC3F894204E
:102CB000BFF34F8FBFF36F8F704700BF00ED00E091
:102CC000BFF35F8F0022024BC3F89420704700BF10
:102CD00000ED00E010B5034C2278FFF745FF2070AF
:102CE00010BD00BFCA1100202DE9F74F294D8A46BB
:102CF00006464FF00008AB46274FD0451BDAD6F802
:102D00000490B9F1000F3FD031680846019106F0F8
:102D10005BFB0199044609EB0100013806F054FB06
:102D200084424FF014021D4B08D002FB08F36FF0F1
:102D300015024BF8032003B0BDE8F08F14F1160F15
:102D40002C60F8D01978A142F5DD02FB08B0C7F875
:102D50009840C7F89840D7F89C4000F10801007BE4
:102D600064F304000871D7F8A0000C79400860F300
:102D700047140C71D7F89C1021F01F016960D7F837
:102D8000A01021F01F01296108F1010814350C364B
:102D9000B3E700BF040C002000ED00E0CA110020E2
:102DA000F0B55349534DD1F890302C68C3F3072345
:102DB0009C4287B000F299800020FFF781FF4E4BC4
:102DC000C1F8C030844216D14C4D01A82C70FFF7D9
:102DD0007BF9002607464A4CB74213D100202B78D6
:102DE0004349D1F89020C2F30722934277DBFFF7E3
:102DF0005BFF002046E0696801EB0011FFF78AFEE7
:102E00000130DFE70199300101EB0613DA68224057
:102E1000B2F1807F52D00AD8B2F5001F34D0B2F59B
:102E2000800F3ED0B2F5801F12D00136D4E7B2F148
:102E3000006F43D0B2F1805FF7D15A689B680958A0
:102E4000013B22F01F00034423F01F03012032E066
:102E50005A689B680958013B22F01F000344012077
:102E6000844623F01F0340EA4C10CDE902218DF87F
:102E7000100002A928780593FFF764FE00282ADADB
:102E80006FF0150007B0F0BD5A689B680958013B08
:102E900022F01F0003444FF0020C012023F01F0317
:102EA000E1E75A689B680958013B22F01F00034480
:102EB000062023F01F034FF0000CD4E75A689B68EC
:102EC0000958013B22F01F0003444FF0030C01207E
:102ED00023F01F03C7E72B7801332B70A5E7C1F858
:102EE0009830C1F8A00001337BE74FF0FF30C9E70D
:102EF00000ED00E08CC90000AAFF4400CA110020C8
:102F00000000F0FF08B5024B1B689847002008BD81
:102F1000180C0020034B044A1860937843F0020316
:102F200093707047180C00206C04002008B5064907
:102F3000064821F00701C1F1005202F5802205F098
:102F400040FE002008BD00BFDF2800201C0C002030
:102F500008B5244A244B1A6000F0B0F84FF47A61A7
:102F60002248D0F82436C3F30802C3F309434B4385
:102F700082F480721E49883201FB02334FF4FA2139
:102F80005B00B3FBF1F201FB12331A49B3F57A3F50
:102F900028BF0132C1F80429D0F820364FF47A60F6
:102FA000C3F30802C3F30943434342F21C5082F4C3
:102FB000807202F2172200FB02334FF47A701B0A70
:102FC000B3FBF0F200FB12330020B3F5FA7F4FF0B1
:102FD000010328BF0132C1F81C27C1F80009C1F85C
:102FE000003608BD0020A107CC05002000C0FF006E
:102FF000F82A00800000125048B1054B054A1B68B2
:10300000B3FBF2F35843044B43F0010318477047F6
:10301000CC05002040420F0020C9000030B50D4D06
:1030200085B04FF0FF324FF0FF330B4801A903F09A
:1030300059F90028F5D1094CAC42F2D2236813B1FA
:10304000019A934203D1D4E9013101A898470C3485
:10305000F2E700BF10C90000E806002004C9000024
:10306000F0B517461E4685B001909DF82800DDE9B1
:103070000C5423462C432A468DF808008DF809107D
:10308000ADF80A70039608D0FFF720FD0849D1F883
:10309000B840084909588C4201D10022134606481D
:1030A00001A907F009FF00EAE07005B0F0BD00BF1C
:1030B000100A002008000000E80600200122024B50
:1030C000C3F80424704700BF002008E038B5044C62
:1030D000044DAC4200D338BD54F8043B9847F8E7A0
:1030E000D4DA0000DCDA000008B5084B1A785AB9C7
:1030F000012140F205101970FFF7F0FBBDE8084010
:1031000040F20510FFF7C8BB08BD00BFCB1100207F
:103110001FB5002201236C46CDE902230749802315
:103120006A46CDE9004406F0ADF928B943F60952E4
:103130000023684603F032FA04B010BD5B9400002F
:1031400070B50A4605460C464023064950F8040C63
:1031500006F098F9014620B128462346BDE87040A4
:10316000184770BD1794000010B504460369186035
:10317000FFF7BAFF20690549043005F0DEFD00289D
:10318000A1BF0122236900209A6210BDB8C90000C6
:1031900001220B4BD3E8EF1F002903D1C3E8E02F36
:1031A0000028F7D10AD1074A074B002153600323B7
:1031B000064893608368D160DB691847704700BF99
:1031C000400C0020280C00209932000008BC0000B0
:1031D00007B5002200230948CDE90023084A00234F
:1031E00004F088FA0748002183681B6A9847002288
:1031F000054B1A6003B05DF804FB00BF60060020B9
:1032000048E8010008BC0000400C002073B51D4DCB
:103210004E21AE682846F36898471B4C70B10023D6
:103220001A462370217809B1012A1FDD174A13803D
:1032300001F05CFD0123237002B070BD0C216A46D1
:103240002846336998470028E9D1114A019B93FB2E
:10325000F2F3009A03EB82030C4A1BB2B2F900208E
:103260009A1A002AB8BF524212B2DBE7094A013962
:10327000136821700133136002B0BDE87040FFF79E
:10328000A7BF00BFDCBD0000CC110020BC11002096
:1032900090D00300380C002008B5074807F0BEFDA9
:1032A00028B901F023FD0122044B1A7008BD04481F
:1032B000BDE8084003F0D4BADCBD0000CC1100200A
:1032C0006C0500200023024A1360024A1360704715
:1032D0003C0C0020380C00200022024B1A70FFF733
:1032E00057BF00BFCC110020014804F029BA00BF2D
:1032F00060060020024A136801331360FFF768BFBD
:103300003C0C002010B50446064801F09FFC30B983
:10331000FFF7D8FF2046BDE81040FFF725BF6FF04C
:10332000040010BD29330000022808B502D003288C
:1033300007D008BDFFF7D0FFBDE80840034806F0FE
:10334000FCB8BDE80840FFF7D5BF00BFE4BB0000F4
:10335000F8B5012206462449D1E8EF3FC1E8E02F45
:103360000028F9D133B9214921484B60CB608A60EC
:1033700005F0F6FC731E012B2AD807F0A0FE0446C8
:1033800048B1EFF31185202383F31288BFF36F8FC9
:103390000124184F0DE0184B1B78002BF1D00422AC
:1033A000144B0546C3F80823F3E794B1284605F00B
:1033B000FCFFD7F84C24D7F84C34D203F5D59B0743
:1033C00001D0012EF1D14CB185F31188BFF36F8F7D
:1033D000F8BD0021202007F037FFEAE70422054B63
:1033E000C3F80423F4E700BF540C0020440C002071
:1033F0005C0C002000E01050D412002010B5EFF358
:103400001184202383F31288BFF36F8F064A136859
:1034100023F00201DB07116001D407F0E1F984F326
:103420001188BFF36F8F10BDB00C002010B504469B
:10343000054801F0E1FC20B92046BDE81040FFF747
:1034400093BE6FF0040010BD4D340000042806D177
:10345000034B9B6A5B0702D1024806F06EB87047C7
:10346000840C002008BC000010B5EFF31184202369
:1034700083F31288BFF36F8F0F4A136843F0020182
:1034800013F00103116009D00C4BD3F80C3413F482
:10349000803303D00A4805F0E3FF012384F3118849
:1034A000BFF36F8F23B1BDE81040064806F045B862
:1034B000BDE8104001F0AEBCB00C002000E01050A0
:1034C000AC0C002008BC000008B5074807F0A6FCBB
:1034D00038B10648FFF71EFD0448FEF7E3FC002064
:1034E00008BD6FF01200FBE7BCBC0000F134000027
:1034F00038B50D4D0446284605F069FD002810DB5F
:103500000A2C04D1AB680D2128465B689847AB684C
:1035100005485B68E1B2984720220023024805F085
:10352000F2FE204638BD00BFBCBC000070B5466846
:103530000546B068C0B107F028FB0146A0B9B068E5
:1035400001F0CEFD0446A8B902460C49B06807F068
:1035500006FB22460121DB20FFF7C0F922460121AC
:1035600040F20D10FFF7BAF92846BDE87040044953
:1035700005F0BBBC6FF0040070BD00BF0137000058
:10358000139600002DE9F04340F206354768D00657
:1035900048BF4FF0030C3B7C02EA050558BFC2F35D
:1035A000401C87B001F01F06B5F5837F144646EA3C
:1035B00043168DF803C045D00DD8062D44D005D84C
:1035C000A5B1022D12D06FF0150038E0B5F5807F5F
:1035D000F9D101250AE040F20222954236D0B5F534
:1035E000407F35D0B5F5007FEDD10425220331D5DC
:1035F00001237A688B405360B86890BB5F2E06F059
:103600001F034FEA561175D83C4A52F82120C4F3E3
:10361000004102EB8302D2F8803081F00101C4F353
:10362000404423F4706344EA410423F00F031C4335
:1036300044EA8C0444EA0524C2F88040002007B024
:10364000BDE8F0830925D1E70825CFE70625CDE7BA
:103650000525CBE7630341BF01237A688B40936064
:10366000CAE731460DF1020207F07CFA14F4403F3C
:1036700080460CD13146B86807F08DFAB8F1000FDA
:10368000DCD19DF80210B86801F062FDD6E74FF07A
:10369000000901ABCDE90199CDE90439CDF80C90D1
:1036A0003146B86803AA07F0A6F94845C6DB14F40A
:1036B000003314D09DF80330C4F3004484F00104B7
:1036C0008DF80E308DF80C508DF80D404B4631467C
:1036D000B86803AA01F08EFC0028CFDAAEE7CDE986
:1036E00004330DF1030303933146B86803AA07F0CE
:1036F00082F9F1E7203350F82330FFDED4C900000F
:103700004209022A034670B503D0012A18D0CAB173
:1037100070BD0E4E326951680029F9D0012503F0C1
:103720001F030C689D400029F2D08A682A4002D00D
:1037300030464B6898473CB1236821461C46F2E767
:10374000034EE7E7034EE5E72346F6E774BC0000C7
:1037500050BC00002CBC0000F0B544681646A068C0
:10376000227C01F01F0587B045EA421500286CD085
:10377000B6F5001F04D1294607F05FFA002055E096
:103780006268607CB6F5800F50624FF0000001AABD
:103790000190506039D1B3F1007F14BF0523042399
:1037A0008DF804300023CDE904230393E3680DF181
:1037B000030723FA01F111F0010139D1B6F1A07F1D
:1037C00036D105F01F035F2D4FEA551003F120039A
:1037D0003ED8214A52F8202052F82330DB0727D464
:1037E0003A462946A06807F0BDF9163018D002976E
:1037F0002946A06803AA07F0FEF8002816DB01227C
:103800002946A06807F0C9F9B8E7B3F1C06F05D041
:10381000B3F1007F14BF01230223C1E70323BFE7F5
:103820003946A06801F09EFC0028E0DA07B0F0BD40
:103830003A462946A06807F095F90028D8D19DF8A6
:103840000310A06801F084FCD2E76FF08500EDE77B
:1038500051F82330FFDE00BFD4C900002DE9F0414C
:103860001A4807F0DBFA70B30025DFF86080184CC7
:10387000D8F80870D8F8106021786368DA0207D5A4
:1038800013F4402F1EBF43F3000202F440225340C2
:103890004FF0010C306823F480120CFA01FCDB07B6
:1038A0004CBF40EA0C0020EA0C0030603B68404608
:1038B0009847002805DB0135032D04F10804DBD10E
:1038C0000020BDE8F0816FF01200FAE750BC000064
:1038D0001CCA0000044B054A01219362044AC72018
:1038E0001A600022FEF7FABFD80C002090050020D5
:1038F00000700C5038B504464568AB699847012103
:10390000E86905F075FF234629462A69A86A07F089
:103910002DFA002805DB2046BDE83840024905F0B5
:10392000E4BA6FF0040038BD0F990000034610B4EC
:103930000C46DA88006802F0400219792243836855
:103940009C6934B1054BA446134010BC02F0B07220
:1039500060476FF0570010BC704700BF4000000682
:10396000F0B550F8185C85B06B682A69DC68D2E85D
:10397000AF2F012A22D06B6818389E68104A041BAA
:10398000E11001FB02663046DF6805F0E9FF031E27
:1039900014DB3A1992F910108B420FD04FF0FF3020
:1039A0004FF0FF3113743289CDE902010121003B50
:1039B00018BF012328460091FFF752FB05B0F0BD68
:1039C000ACAAAAAA2DE9F74F44680646E7684FF06B
:1039D000000818373D464FF00C0B6368434519DC6F
:1039E000637D8BB140F2E730002147F61225246851
:1039F0004FF47A720023E4FB0501FDF779FD0246DE
:103A00000B46384602F0D4FF3046FEF7B1FB00EA21
:103A1000E07045E00BFB08FAA26852F80A0002EBDE
:103A20000A09019207F0FAF900283CD0019A99F8A6
:103A3000041052F80A00B9F8062042F4803205F06A
:103A400074FF68BB45F8186C2846216907F014FB21
:103A5000627D1AB108F101084835BEE70123A1686B
:103A600001EB0A0999F8042003FA02F2114B45E927
:103A7000043251F80A00A5F114018368DB69ABB187
:103A80000122984700280BDB484605F069FF4FF0FC
:103A9000E86105F8080C4846FFF748FF0028D9DA26
:103AA00003B0BDE8F08F6FF01200F9E76FF0570038
:103AB000F6E700BF8B9900002DE9F0414568044608
:103AC0000669286807F0AAF918B96FF01200BDE876
:103AD000F081304607F0FFF97461AB68BBB904228E
:103AE0000B2120466B7C06F027F80028EFDB06222E
:103AF0000B212046AB7C06F01FF80028E7DB0123F2
:103B00002046BDE8F0411A460B2106F015B8052302
:103B1000062120462A7C06F00FF80028D7DBA8688B
:103B200007F07CF90028D0D0B5F80EE0A868297B12
:103B30004EF480320127D0F810C01EF0010FDCF8DF
:103B4000003007FA01F714BF3B43BB43D0F80880AD
:103B5000CCF80030D8F8003098470028B7DB0127B0
:103B60002B7B1A4A07FA03F3C6E90723A86806F174
:103B700018018368DB6913B96FF05700A7E73A466D
:103B800098470028A3DB124BB362EB89A868297B16
:103B900003F0400386680269B669002EECD0126813
:103BA0008F4017420CBF43F0B86383F0707323F06B
:103BB000794323F47F0323F47F434FF0A07223F073
:103BC000BF03B04700288ADA81E700BFEB9A000004
:103BD000D53B0000262300222DE9F04F044650F883
:103BE000100C91B0D0F804901146009306AB05F08C
:103BF00080FF002805DA204602F032FE11B0BDE851
:103C0000F08F0026234F97F8008097F801A008F165
:103C100040036B4413F8273C1AEA030F13D02169C1
:103C200031B1012354F8100C0D6803FA06FB11BBE7
:103C300008F101025346002154F8100CD2B205F0ED
:103C40007BFF0028D7DB01360E2E07F10207DAD101
:103C5000D9F8080099F80C50836805A95B680669D3
:103C600098470028C7D1059B32685A400123AB40D2
:103C70001A42C3D0BFE78A681BEA020203D04B682E
:103C80000390984703981DB12B6829461D46CEE73F
:103C90002B46FAE7D2D30000036803F01F025F2B24
:103CA00002604FEA53129ABF024B53F822000020E1
:103CB000704700BFA4CA00002DE9F04F16468046A9
:103CC00040F2FF1A00EB81094E4985B0C14503D18E
:103CD000002005B0BDE8F08FD8F80020C2F3C32360
:103CE000082BC2F3080400F28A804748544508BFF5
:103CF0004FF0FF34B2F1506FC55C4FEA12630AD245
:103D00000C2B0CD8DFE803F00E1E5A572252570B2B
:103D10000B0B0B5D6700382B60D04E2B4ED06FF035
:103D20008500D6E7C6F80446621C3CD003A803947D
:103D3000FFF7B2FF0123039A9B4603FA02F21F46E4
:103D4000426012E0C6F80C46002740E04FF0000B3E
:103D5000C6F80046601C26D0012703A80394FFF78D
:103D60009BFF039A07FA02F28260D8F8002003A8AA
:103D7000130444BF4FF0010B002701920394FFF797
:103D80008BFF039C019A00EB8400D0F88040C2F3C3
:103D900041222D0245EA82053D430C40254345EA78
:103DA0004B05C0F8805008F104088FE74FF0010B75
:103DB000C6F80446CEE7C6F80846C5E7C6F810467A
:103DC000B2E7C6F80046002DBED100270825631CC7
:103DD000E9D0BB46C9E7C6F80446F4E703A8039454
:103DE000FFF75AFF039B012700EB8300D0F88030D8
:103DF00023F0E04343F08043C0F88030E7E76FF002
:103E0000150066E7F0F0FCFFEED3000003460A461B
:103E1000F0B41979DB88006813430125094A066963
:103E20009A43346808BF83F440238D4023F4801202
:103E3000DB0787684CBF2C43AC4334603B68F0BC65
:103E4000184700BF0100100073B5456804460669B5
:103E5000286806F0E3FFB0B1EA6868461F322CBF5D
:103E600001230023520942EAC362002307F078FAD3
:103E7000DDE9002320460649C6E9002302B0BDE87B
:103E8000704005F032B86FF0120002B070BD00BF94
:103E9000953E00000023F0B585B004460E46CDE9FE
:103EA00002034568076902F069FE00284CD0032E22
:103EB0004AD8DFE806F0240247416846D7E90023E4
:103EC00007F073FADDE9000107F0BEF90121284689
:103ED00005F0B3FEAB681F332CBF01210021580948
:103EE00040EAC160490907F0AFF9032320461849A9
:103EF00002AA8DF80C3006F09CFF002026E0022379
:103F000002AA134920468DF80C3006F092FF0021DA
:103F1000284605F092FEEA6868461F322CBF01234E
:103F20000023520942EAC362002307F019FADDE9CF
:103F30000023C7E90023E0E74FF4B0112846FFF75C
:103F400065FFDAE70021F9E76FF0850005B0F0BD05
:103F5000239C000017289FBF054B584300F5742091
:103F600000F510709ABF086000206FF015007047D0
:103F7000A086010010B5134CA1421DDD124B9842E2
:103F80001ADCA04204DC00236FF02100138010BD76
:103F9000994201DD1723F7E76FF43A63A0F55B2040
:103FA00018440A4BB0FBF3F01080584300F574201E
:103FB00000F51070884202D96FF01500E7E7002085
:103FC000E5E700BF3F420F00A05A3200A086010083
:103FD000F7B5284E0C4673783178054619431746D5
:103FE0000BD07378022F327803F00F030FD0032F1A
:103FF0002CD06FF0850003B0F0BD02230093262281
:104000003346806A05F075FD0028EADAF3E795F893
:104010002C1001290FD1012A01D80CD15BB1012349
:10402000A340DBB2009308220221A86A05F0B6FD86
:1040300000280FDADFE7012304F108020821A86A4B
:10404000D2B203B0BDE8F04005F076BD95F82C1073
:10405000012903D0002304F10802EFE7012A02D866
:10406000F8D1002BF6D00123A340DBB2009300234C
:10407000D9E700BFCD1200200122014B1A60704722
:1040800000700D500C2903690BD15B6A0649074883
:104090004B4393FBF0F100FB1133116000205360A0
:1040A00070476FF08500704790D0030040420F00CA
:1040B0000022044B0069C3F80021D3F8003102F05C
:1040C00037BA00BF00700D507FB50569AB6A002B91
:1040D00030D04E2901D00C292FD105F110064FF018
:1040E000FF324FF0FF33304602F060F9144B0024EA
:1040F00001930323A86A0394029383686A462146C6
:10410000DB6998474FF0FF324FF0FF33284602F04B
:1041100045FAA86A214683681B6A9847094BD3F879
:1041200008256A6201225A60304602F0B1F9204641
:1041300004B070BD6FF00A00FAE76FF08500F7E792
:104140007940000000700D5010B50D4B0469A3625A
:104150004FF0FF320021204606F0C4FE04F11000AB
:1041600006F0B9FE00220121D720FEF7B7FBD720C9
:10417000FEF792FB0122034B0020C3F8042310BD7D
:1041800008BC000000700D5037B5482915461C4684
:10419000406806D051292ED02D2912D06FF085000D
:1041A0000DE00A2AFAD10422032100680DF1070369
:1041B00005F0BBFC18B99DF80730C4E9003003B026
:1041C00030BD022AEAD10522294600680DF1070315
:1041D00005F0ABFC0028F2DB9DF807301BB923602B
:1041E00063600020EBE713F00A0318BF01231B4AAA
:1041F000C4E90032F5E70722022100680DF1070348
:1042000005F093FC0028DADBEDB2133D052DC5D88F
:10421000DFE805F0030A0F14191E9DF8072002F0CD
:10422000010200232260DBE79DF80720C2F3400271
:10423000F7E79DF80720C2F38002F2E79DF8072018
:10424000C2F3C002EDE79DF80720C2F30012E8E7D1
:104250009DF80720C2F34012E3E700BF20A107004A
:1042600037B50A2A44681D6830D12D2915D0482950
:104270002CD10123206835B90522032103B0BDE804
:10428000304005F059BC0022032105F055FCF8B977
:104290000123042203212068F0E75A680D4B0E48E1
:1042A00003FB05220DF10603114606F0CEF810F1CE
:1042B000160F0DD0012202219DF80630206805F06E
:1042C0003BFC28B9012302460221E4E76FF0850098
:1042D00003B030BD40420F0018CC00002DE9F04F74
:1042E000446887B0206806F099FD002800F04E81F0
:1042F0000A22052194F86630206805F01DFC00288C
:1043000040F0888010254FF07E5BDFF888A204F132
:1043100044076FF0004357F8040F98423DD0FCF774
:1043200057FE9D49FCF75CFF5146FCF79DFD014699
:104330005846FCF755FF9949FCF794FD8046B4F8C0
:104340006400FCF741FE01464046FCF795FEFCF791
:10435000FBF9266EFDF744FA804689463046FCF7A5
:10436000D1F942464B46FCF747FAFCF707FD8302BA
:104370000644B3FBF6F6C6F38D0320688DF81430BF
:10438000022306F0030600932A46032105AB8DF8AD
:10439000156005F0E8FB00283CD10235EDB2182D80
:1043A000B7D16FF0004704F1540656F8043FBB4202
:1043B00022D041F28832C3F5C02303F2AE535A43F0
:1043C0004CBF77497749784B4BBF8918891891FBC7
:1043D000F3F3B1FBF3F3C3F38D0203F0030320689F
:1043E0008DF8153002238DF8142000932A460321FE
:1043F00005AB05F0B8FB68B91A2D0ED1626804F15F
:104400000C051146284605AB06F0C6F8163006D155
:104410006FF0150007B0BDE8F08F1A25C5E70C2234
:1044200003219DF81430206805F086FB0028F1D1A7
:10443000A2682846114605AB06F0AEF81630E7D064
:104440000D2203219DF81430206805F075FB00282B
:10445000E0D1626AE16A05AB511A013104F128002A
:1044600005F0F3FF1630D3D094F840102068FF29F0
:10447000BDF814209DF8143057D10822032105F00F
:104480005BFB0028C6D1626C4848114605AB05F0BD
:10449000DCFF1630BCD002229DF814301146206893
:1044A00005F04AFB0028B5D10E22032194F86730AD
:1044B000206805F041FB0028ACD10F22032194F8BD
:1044C0006830206805F038FB0028A3D1012324229E
:1044D0000521206805F030FB00289BD101230C2228
:1044E0000521206805F028FB002893D194F86A3054
:1044F000002B3FD194F8662094F86B30002A42D00C
:1045000006220321206805F017FB002882D194F8C9
:104510006930002B3FF47EAF012304220321206881
:1045200007B0BDE8F04F05F007BB0225520803F0C5
:1045300001038DF80C208DF80D3008220321009521
:1045400003AB05F010FB00287FF464AF94F8402023
:10455000174B206833F8123003215A0803F0010387
:104560008DF810208DF811300A22009504AB05F06B
:10457000FAFA86E7012350220321206805F0DCFACD
:104580000028B7D046E743F00203B9E76FF0120006
:1045900040E700BF3393884300007A440FCF5B3B72
:1045A000C4C3E1FF3C3C1E0078783C0018CC0000FE
:1045B0009CCD000070B53B2914464568036917D8A7
:1045C000362905D80C2900F0B9806FF085003FE04E
:1045D00037390429F9D801A252F821F02D460000FC
:1045E000DF460000CB45000039470000534600007D
:1045F00048398AB2092AE8D80929E6D801A252F82E
:1046000021F000BF35470000CB450000CB4500003E
:10461000CB450000CB450000CB450000CB4500005A
:10462000274700003147000067470000188841F223
:10463000883358434FF47A7200230021800AFCF734
:1046400007FF4FF47A7312FB03F2206062600020D0
:1046500070BD95F86620002AB7D09888FCF7B4FCA6
:1046600001464FF08940FCF7BBFD4FF07E51FCF74F
:10467000F9FBFDF735FA0646B5F86400FCF7A4FC33
:1046800001463046FCF7ACFD01463848FCF7EAFB32
:1046900001464FF07E50FCF7A3FD3549FCF7E2FBE5
:1046A0004FF04F410546FCF785FE0028CFD14FF073
:1046B0009E412846FCF792FE0028C8D12846FCF708
:1046C000A1FE2060FCF784FC01462846FCF7CAFBEB
:1046D0002849FCF7D1FCFCF795FE6060B7E75888E5
:1046E0009B7A0D2B10D80B2B10D8042B13D0002342
:1046F000584340F2FF3390FBF3F000231E4AC117EA
:10470000FCF7A6FE2060A1E70F2BF0D17D226B6A9B
:104710005343642204E0EB6B6A6B5B425343AA6B26
:1047200093FBF2F3E4E71B7A2360002363608EE7D8
:104730005B7AF9E7686AE0E7E86BDEE7D8880F4B59
:104740004FF47A7258430E4B90FBF3F000F5C02003
:1047500000F2AE500023C117FCF77AFE4FF47A73D3
:1047600020605A4372E7DB7ADEE700BF0FCF5B3B86
:10477000339388430024744940420F0078783C000A
:1047800078ECFFFF38B5054644680121E06805F084
:1047900059FF6B6819686369C1F82435E28BA38BF4
:1047A000A07E1343228C1343628C1343627E9BB220
:1047B0000243207E02431343C1F86C3569680B68DD
:1047C000D3F8002242F48022C3F800220822C3F862
:1047D00000254A6A0121C3F83C270022C3F840277C
:1047E0001965D3F830110029FBD0C3F800252846FD
:1047F000BDE83840014904F078BB00BFA3A6000023
:104800002DE9F04704460D46466806F058FCD0B93D
:10481000334B1B7883F001036268D4F8108017686B
:104820009BB12021EFF31183994681F31288BFF3E6
:104830006F8F62681268D2F83021D2B983F3118881
:10484000BFF36F8FEEE70123E6E74FF0200A4FF04A
:10485000640963681B68D3F830317BBB012005F025
:1048600088FFB9F10109F4D10021202006F0ECFC09
:10487000EDE7D8F804301A0706D443F008032046C1
:10488000C8F8043004F0A3FB736A00211D7063684C
:10489000726A1B68C3F83C270122C3F84027C3F89B
:1048A0003011D3F830111A654FF48053C7F8043330
:1048B00089F31188BFF36F8FBDE8F087EFF31183A1
:1048C00099468AF31288BFF36F8F62681268D2F834
:1048D0003021002ACDD183F31188BFF36F8FC3E756
:1048E000D412002070B40F4CD4E90015501A63EBB9
:1048F0000506400940EAC6602026E0FB0615C4E92B
:104900000015002400250849C1E90023074BC3E92D
:104910000045EFF3118186F31288BFF36F8F70BCEF
:1049200002F0E4BD980800208008002090080020D4
:1049300008B500220121E420FDF7D0FF174A00202E
:10494000D2F8183723F4403343F40033C2F8183751
:1049500000F050FD002820DB0120114900F0D6FDB9
:1049600000281ADB00F020FD0E4B20F01F00C3E9E9
:1049700000010D4B0022C3E900014FF0FF304FF062
:10498000FF310A4BC3E90001094B0A49187A00F0CC
:104990001BFD67220020084B1A6008BD00200E5046
:1049A000C805002098080020780800208008002012
:1049B000C0050020E5480000F00D002008B500F01B
:1049C000F3FC064AD2E90032C01A054B61EB020142
:1049D000C3E90001400940EAC16008BD9808002011
:1049E00090080020F7B5224B0146224F187A224B3F
:1049F000D7E90056D3E900239E4208BF954211D162
:104A0000B1F1806F0ED24901012938BF0121012285
:104A10004D1946F10006C7E9005603B0BDE8F04065
:104A200000F0FABD154BDFF858C0D3E90043DCE9CC
:104A3000002CA41843EB0C0C4FF0200E22466346CA
:104A4000E1FB0E23954276EB0301C7E900230DD26B
:104A5000291B66EB0C04C82974F10004B4BF0121C2
:104A60000021009100F0A2FD03B0F0BD0021F8E7A5
:104A7000C005002088080020800800209808002039
:104A800090080020064BD3F840231C2A05D1D3F808
:104A90004403431E5842584170470020704700BFEE
:104AA00000C0FF0003689A070CD50368DB070DD52B
:104AB0000922074BC3F80C250F22C3F80425012255
:104AC0001A60FEE7034B0360EF3B0360704700BFD3
:104AD00000801050F000FA5008B50123424A4348C4
:104AE000C2F80038424AD2F840231C2A04BF414A87
:104AF000C2F80C34FFF7D6FF0830FFF7D3FF0830B9
:104B0000FFF7D0FF0830FFF7CDFF00F5F470FFF797
:104B1000C9FF394AD2F88C3043F44063C2F88C3074
:104B20000022D30003F57F0303F54043D3F80014BC
:104B300001310AD0D3F8001439B1D3F8001401328E
:104B4000D3F80434402A0B60EBD1274BD3F8402430
:104B5000002A44D0FFF796FF48B1254BD3F8342301
:104B6000264B9A429EBF204B254AC3F84026FFF7AA
:104B700089FF18B1234B244AC3F8AC27FFF782FF03
:104B800048B13422184BC3F82426D3F83C2622F42B
:104B90000022C3F83C261D4B1749D3F80026D20744
:104BA00044BF6FF00102C3F80026194BD3F8182553
:104BB00022F00302C3F81825D3F8182542F00302A7
:104BC000C3F81825D1F88C2042F44062C1F88C203B
:104BD00000221049C1F8D426C3F8A02508BDC82278
:104BE000C3F84024B6E700BF0000125000C50D50C6
:104BF00000C0FF000030055000ED00E0001D0A1865
:104C000040E0A91E00A0085078000A0400E01050FF
:104C100000B0045000600D5038B504230A4C42F235
:104C20001075C4F80833012363610023C4F8083108
:104C3000D4F80831D4F84C34DB0304D5012005F056
:104C400098FD013DF6D138BD00E01050074A1379B8
:104C500043B90121537110601171054A1846C2F819
:104C6000403470476FF07700704700BFF40D0020AC
:104C700000E0105010B51B4B1B4CD3F84C14D3F86C
:104C80004C2411F4803F14D0900701D0FFF7C4FFEB
:104C90000022144BC3F84024C3F80821D3F808219C
:104CA00001221A61226872B9D3F80821002AFBD0C8
:104CB00011E0D3F84824D107EAD5D3F8502492075D
:104CC000E4D122681AB10422C3F8042310BDD3F83A
:104CD0000821002AFBD00022C3F80821D3F80831AC
:104CE000F4E700BF00E01050F40D0020154BD3F89E
:104CF0000C24D10320D5D3F84C24D2031CD5124A5E
:104D0000517901F0FF00D1B9C3F80C01D3F80C11AF
:104D1000012151719961126822B10822C3F804235C
:104D200000207047D3F80C21002AFBD00022C3F8E2
:104D30000C21D3F80C31F3E76FF0760070476FF079
:104D40000F00704700E01050F40D002070B5134CB8
:104D5000134DD4F80C3303F00C0303B970BDB3FA50
:104D600083F300260121C3F11F039A0002F580722C
:104D700092B202F1A04202F58712166099401268C1
:104D8000C4F80813032BD8B22B6808BF6E7198477C
:104D9000D4F80C3303F00C03DFE700BF00E0105041
:104DA000F40D0020712238B5104B0021C3F8082300
:104DB000012242F210745A60C3F80011D3F80011B6
:104DC0000B490A4DD1F840131C2908BFDA60D5F809
:104DD0000C3413F4803305D0012005F0CAFC013CEB
:104DE000F5D138BD034A5371FBE700BF00E0105016
:104DF00000C0FF00FC0D0020054B0246187918B9D1
:104E00001A6001221A7170476FF07700704700BF77
:104E1000FC0D00200022164BC3F81021D3F810110E
:104E2000C3F81821D3F81811C3F81421D3F81411BA
:104E30001049D1F840131C2904BF01219960C3F81F
:104E40000021D3F8002101221A600B4A126852B9DE
:104E5000074BD3F80021002AFBD00022C3F8002121
:104E6000D3F8003170477122C3F80423704700BFA4
:104E700000E0105000C0FF00FC0D0020F8B5012636
:104E8000194C1A4DD4F80C3303F0710303B9F8BD73
:104E9000B3FA83F30021C3F11F039A0002F5807275
:104EA00092B202F1A04202F58712116006FA03F7EE
:104EB000042B1268D8B2C4F8087308D0062B10D09F
:104EC0002B689847D4F80C3303F07103DEE7022314
:104ED0006B71C4F81411D4F814312023C4F80433CE
:104EE000EEE76971ECE700BF00E01050FC0D002018
:104EF000036803F01F025F2B02604FEA53129ABF50
:104F0000024B53F822000020704700BFF4CC000091
:104F1000034A4309D35C00F01F001844C0B2704735
:104F2000F8D30000F0B50646002487B0114F019178
:104F300017F8012B06AB03EBD20313F8143C02F075
:104F40000702D34013F0010306D10134032CEFD143
:104F50000023184607B0F0BD074A03AD07CA85E82D
:104F6000070055F824100A6A46F824200A62002A2D
:104F7000EBD0EEE708D4000010C90000F7B50446F6
:104F80000846FFF7C5FF04EB4006B38A0D46DB0772
:104F90002AD5204605F00DFD2946204605F07AFC6D
:104FA00050B1204605F08CFC0023276807EB8000F9
:104FB000C0F81035C0F810352946204605F0A9FC88
:104FC000002101A8B1820195FFF792FF019B00EB40
:104FD0008300D0F88020064B134043F00203C0F852
:104FE0008030084603B0F0BD6FF01500FAE700BF4F
:104FF000F0F0FCFF2DE9F043044685B00846154665
:105000001F46FFF785FF0E46804625B3204605F074
:105010004CFC18B9204605F03DFC18BB04EB4809D0
:10502000B9F8143003F01C0313B16B78012B19D0BD
:1050300001238DF80F3000233046CDE900536A1C60
:10504000AB1C0DF10F0105F0CDFBB9F8143043F0A6
:105050000303A9F81430002F3ED03146204605F056
:1050600024FC20B96FF0150005B0BDE8F0830022E4
:10507000397823684FEA810C03EB8103C3F81025CC
:10508000C3F8102504EB4802938A23F4604323F00D
:10509000200393827D78FDB12468B8786444D4F805
:1050A00010750E4B2D043B40C4F8103541F6F073DB
:1050B00005F4403503EA06130005D4F810752B43B8
:1050C00000F4801003433B43C4F81035938A43EA4D
:1050D000413343F0200393820020C5E70FE0ECFF4B
:1050E00070B590F87440054690F8756044BB462250
:1050F0002146143006F05BFC2146134A2B6852F817
:1051000036608E4212D1002440F20D10C3F84441A3
:10511000D3F844210D4A934208BFDB20FDF7BCFBC6
:105120000123204685F874302B6670BDCAB2920008
:1051300002F58070442A04BF1C501A580131E0E780
:105140006FF07700F1E700BF00CD000000A00D5028
:1051500090F87500024B03EB800005F026BB00BF02
:10516000D005002010B5064B90F875000C4603EBF7
:10517000800005F000FB0028A4BF2070002010BDB7
:10518000D00500202DE9F04F804658F804BB90F878
:105190007540DBF814136A4BC9B253F83420074644
:1051A0008BB0584641F4003105F0DCFB8203054624
:1051B00039D50023CDE907330993614BE60003EBB2
:1051C000C404636807A819460093FFF7ABFE331DBC
:1051D00003934FF0000A5B4B0DF11C090293029AF6
:1051E000574912F8013B0292039A02EBD3028A5C00
:1051F00003F0070322FA03F3DB071AD40AF1010ACA
:10520000BAF1030F09F10409E9D14FF4003100228A
:10521000584605F0A7FB009907A8FFF783FE002872
:10522000D7D125F400350124002D73D10BB0BDE892
:10523000F08F454B53440493D9F80060002EDDD025
:1052400096FAA6F6B6FA86F6049B1C7846EA44144B
:105250002046FFF75DFE07EB4000818AF208C1F3AC
:10526000820305930193012319F8020006F0070653
:1052700003FA06F620EA060009F8020006A80694DA
:10528000FFF736FE069A11F0100F02F1200250F8D7
:105290002260059BC6F3014623D04046019A214671
:1052A00005F018FB06A80694FFF722FE069BF6B24F
:1052B000203350F82330C3F301439E4207D100212D
:1052C000204605F0D8FA3146204605F0D4FA06A863
:1052D0000694FFF70DFE0122069B02FA03F3036218
:1052E000AAE7022E14BF022103212046059305F0F0
:1052F000C2FA059B032B03D0022E07D1012BE6D166
:1053000021464046019A05F0E5FAE0E7032EDED19A
:10531000022BF4E795FAA5F3B3FA83F304FA03F248
:1053200025EA020503F5A2725BF8222007EB43038E
:105330004046B3F86410C2F3014205F0CBFA73E7BC
:1053400000CD000008D4000008D400000123034A67
:1053500003FA00F09368034393607047D80300207A
:1053600073B504460191EFF31186202383F312886D
:10537000BFF36F8F0B4D019B6A6801A81340019327
:1053800005F0F9F9002807DB01226B68824023EA67
:1053900002036B602070002086F31188BFF36F8FCB
:1053A00002B070BDD80300204FF0FF326FF04043D1
:1053B00030B5044CD4E90001824273EB0105F9D306
:1053C00030BD00BF40270E5030B50C25074B1C18D0
:1053D00094F8544005FB0433C3E903121875012304
:1053E000034A8340C2F8243330BD00BFD8030020F5
:1053F00000200E50F8B53E4C2278002A72D13D4B69
:10540000D3F8101521F00201C3F81015D3F81015C8
:1054100041F00101C3F810150521C3F8A4160421B9
:10542000C3F8AC160723672101F001000244013BD9
:10543000D2B24FEA5101F7D1052A56D119464FF0A1
:10544000010C2B4E00256720CFB204E00CFA02F2CB
:1054500020EA0200013590FAA0F25FFA85FEBE450F
:10546000B2FA82F2F2D3013132750529224482F870
:10547000547006F10C06E5D1012100251E489A085A
:1054800001FA02F212F0670F18BF1D500433302BDF
:10549000F5D1E420FDF700FA164B1849D3F8102592
:1054A00003F5C07322F00202C3F8902340F6FF72A6
:1054B000C3F8A82100221A60A3F5807004338B4240
:1054C0000260F8D101250B4B0D4A1D660D4B5D2086
:1054D0001B68B3FBF2F358430B4B2B439847002058
:1054E0002570F8BD6FF07700FBE76FF08B00F8E7F1
:1054F000D803002000200E5000210E50B0210E5085
:1055000040420F00CC05002030C9000038B5244BC4
:105510000D46D3F8102594073CD4D3F8102542F05B
:105520000202C3F81025C0B1D3F8482712F00102D7
:1055300002BFD3F8481741F00101C3F84817184BD0
:10554000D3F84017D3F844174800F9D42AB9D3F850
:10555000482722F00102C3F84827124B124A1B6861
:10556000B3FBF2F30E4A03EB4313B3B1D2F8401787
:10557000D2F8441749000BD44FF0FF312846FFF70B
:10558000EFFE044610B92878FFF7E0FE204638BD4C
:10559000013BEAE76FF07704F8E76FF07304F5E793
:1055A00000200E50CC05002040420F0070B51E4672
:1055B0001546174A9DF81010131893F854300C3301
:1055C00002EBC30442F833506660C6F313020401D1
:1055D000A1B104F1A04404F56224C4F82055C4F834
:1055E00024250C4C80000444236833B1FFF7DCFE13
:1055F000A842B14101D20023236070BD04F1A04351
:1056000003F56223C3F82055C3F82425F5E700BF4E
:10561000D803002000210E50F0B50E4D2B1893F842
:10562000543000010C3355F8334005EBC3077E6856
:10563000641800F1A04021F0004146F1000641EA63
:10564000C27100F5622045F833407E60C0F828152D
:10565000F0BD00BFD8030020F7B5284B284CD3F885
:105660002C6304F188070EB903B0F0BD96FAA6F0DA
:105670000123B0FA80F08340DA43224926EA030688
:10568000231893F85450830019440C2303FB05435B
:10569000DB6873B3D7E8EF3F03EA020CC7E8EECF4D
:1056A000BEF1000FF6D1C340DB0719D5020102F1AC
:1056B000A04202F56222D2F82435D2F82025D1F892
:1056C00000C0BCF1000FCED04FF0000CC1F800C0FC
:1056D0000C2101FB054529690091E9688847C2E76B
:1056E00005F10C0304EBC30C54F83320DCF8043050
:1056F000E5E70A68002AB6D00B60B4E700200E5038
:10570000D803002000210E5000220D4BC3F80021C9
:10571000D3F80011C3F80421D3F80411C3F8082109
:10572000D3F80811C3F80C21D3F80C11C3F81021D9
:10573000D3F81011C3F81421D3F81431704700BF07
:105740000050045070B54FF4FA7500F15024144E17
:1057500004F5802423682BB123689BB1FFF7D4FFA5
:1057600000200EE0D6F80831002BF5D1D6F80C3128
:10577000002BF1D10A2004F0FCFF013DEAD16FF0CB
:10578000730070BD064BD3F8083123B1FFF7BCFF9F
:105790006FF00C00F5E7FFF7B7FF6FF00D00F0E7D3
:1057A000005004502DE9F04105460E464FF4FA77BB
:1057B000104CD4F80084B8F1000F08D00A2004F08F
:1057C000D8FF013FF5D16FF00A00BDE8F081012359
:1057D000C4F800554FF48870E360FFF7B3FF10F191
:1057E000740FF2D010F10E0F14BF002001203070A2
:1057F0004046EAE70050045010B5054C207820B927
:10580000FFF782FF0123237010BD6FF07700FBE7E5
:10581000D3120020F8B506460D464FF4FA770C4C2B
:10582000D4F800343BB10A2004F0A3FF013FF7D1C4
:105830006FF00A00F8BD0123C4F80465C4F80055F0
:1058400023604FF48070BDE8F840FFF77BBF00BFD6
:1058500000500450F8B504460F4E4518A54201D833
:1058600000200BE04FF4FA77D6F800343BB10A2061
:1058700004F07FFF013FF7D16FF00A00F8BD01236C
:10588000C6F800454FF482707360FFF75BFF002895
:10589000F4D10134E2E700BF00500450F8B50446EB
:1058A0000F4E4518A54201D800200BE04FF4FA77BF
:1058B000D6F800343BB10A2004F05BFF013FF7D17A
:1058C0006FF00A00F8BD0123C6F800454FF484705C
:1058D000B360FFF737FF0028F4D10134E2E700BFDF
:1058E00000500450F8B505460E464FF4FA770D4CBB
:1058F000D4F800343BB10A2004F03BFF013FF7D15C
:105900006FF00A00F8BD0123C4F800554FF4887009
:10591000E360FFF717FF0028F4D1D4F808353360AF
:10592000F0E700BF005004502DE9F0411646044650
:10593000134F4518A5421ED94FF4FA78D7F8003412
:1059400043B10A2004F015FFB8F10108F6D1012097
:10595000BDE8F0810123C7F800454FF48870FB6073
:10596000FFF7F0FE10F1740FF1D00D300CBF0123E2
:105970000023337001D00020EAE70134DAE700BFEA
:1059800000500450044B40EA0120C3F80005D3F84E
:105990000024D207FBD5704700B0045070B5847B5B
:1059A0002CBB02685F2A02F01F034FEA52111FD876
:1059B00040F60C05104E56F82120104902EB8302E8
:1059C000D2F880300B402B43C2F8803042685F2A07
:1059D00002F01F034FEA52100AD856F8202002EBBB
:1059E0008302D2F880300B402B43C2F8803070BD68
:1059F000203354F82330FFDE10CD0000F0F0FCFF20
:105A000000210268094BC160C2F80833D2F80032A5
:105A100023F0FF5323F4BC53C2F800320123C2F831
:105A2000001580F8263080F8281070472264F81F8F
:105A300000232DE9F04780F827304B6805460E46D5
:105A40001746046833B1CB6803F06043B3F1005FDD
:105A500040F042813378023B012B06D8336903F0D2
:105A60006043B3F1005F40F037819D4BC4F80833C9
:105A700095F8283003F0FF023BB16FF00F08EB6898
:105A8000C4F804334046BDE8F08707F01403B3FAC6
:105A900083F35B0985F82830337885F824307378F0
:105AA00085F82530F3682B6173686B613369AB61EE
:105AB000B3682F62EB61C7F3001385F82930737860
:105AC000C4F88835C4F83821D4F83831C4F828210E
:105AD000D4F82831C4F81421D4F81431C4F80421BE
:105AE000D4F8043117F0010318BF0123C4F84C3770
:105AF00017F0020318BF0123C4F814373378032BBF
:105B000000F28180DFE803F05E764A024FF4807392
:105B1000C4F80032D5E90423C4F83C27C4F8403760
:105B2000012323654FF00061204605F0DEF80028D0
:105B3000F8D1D5E90623C4F83C27C4F840374FF420
:105B40008063EB604FF0000817F0080910D133783C
:105B5000032B0DD0012B6A686CD1A362002A55D0AB
:105B600073682BB96B68002B00F09480012363608D
:105B70006B68002B00F08E80780744BF0023EB6039
:105B800079065EBFEB6843F00203EB60EB6843F01D
:105B90002003EB60EB68C4F8043373E7D5E9042312
:105BA000C4F83C27C4F84037D5E90623C4F80427D5
:105BB000C4F808374FF48453C4F80032012323613A
:105BC0000223BEE7B806D5E90423C4F83C27C4F88D
:105BD00040374BBF4FF480734FF40073C4F800326A
:105BE000C4F800324CBF4FF480630223EB60012302
:105BF0002361A7E7D5E90423C4F80427C4F80837CC
:105C00004FF48053D8E76FF015089DE76A6902B931
:105C100063604FF0010A40F2024940F222412046FF
:105C200005F063F8810601D5C4F804A010EA090F55
:105C3000F3D095E701232365002A91D16A693AB32D
:105C400040F2024A19EA0A0F8AD140F22241204664
:105C500005F04BF810F0200F8146F3D04FF480414F
:105C6000204605F042F8D4F8003208B19A0505D470
:105C700001222261626040B14FF00009DB05E1D5ED
:105C80004FF48061204605F030F84FF00009D9E765
:105C90006360D5E70022D4F8C434C4F8C43485F86E
:105CA00028206BB19A0756BF03F001086FF00D086A
:105CB000A8F18C0813F0040F18BF6FF00A08E1E692
:105CC0007B063FF5DFAE2046291D04F0CCFF0028FF
:105CD00008BF6FF08B08D5E66FF00C08D2E600BF66
:105CE0002264F81F70B50568022186B00446284674
:105CF00004F0FBFF20210646284604F0F6FFD0B151
:105D0000D6B9E3684FF48041C5F808330223E36055
:105D1000E3682846C5F8043304F0E7FF18B1D5F866
:105D200000329B0502D401232B616B60012384F8B0
:105D3000273006B070BD8EB3236A5E060AD494F88D
:105D400027303BB92846211D04F08DFF80F001006B
:105D500084F82700236A13F0040337D1C5F83831DB
:105D6000D5F83821C5F83431D5F8343194F82930D4
:105D700013B194F82730F3B100230122C5F80032A3
:105D8000E3602E4BC5F30431C5F808338A40C5F3F0
:105D900043432B49603341F823200CE04FF48061EA
:105DA000284604F0A2FF94F82430002B2FD194F859
:105DB0002930002BE1D0A38CADF804302369049383
:105DC00063690293A3690593E3690393D5F8C43427
:105DD0009807C5F8C4342AD459072AD4DA072AD434
:105DE00094F827309B00DBB28DF8003094F829300E
:105DF0000BB984F82830236A5B0703D594F8273061
:105E0000002B96D0D4E901316846984791E74FF4CA
:105E10000073C5F800322223E360084BC5F808334D
:105E2000E368C5F8043301232B652B6181E7012367
:105E3000DAE70223D8E70323D6E700BF2264F81F7E
:105E400000E100E0036803F01F025F2B02604FEAED
:105E500053129ABF024B53F822000020704700BF34
:105E60001CCD0000F7B5064604F0ABFF084604F071
:105E7000A8FF01A80196FFF7E5FF40F60D050C46C7
:105E8000019B2C4900EB8300D0F8803001940B403B
:105E90002B43C0F8803001A8FFF7D4FF019B0127F6
:105EA00000EB8300D0F880300B402B43C0F88030EB
:105EB000042004F05EFC092501A80194FFF7C2FF4D
:105EC000019AC368D340DB0714D401A80196FFF7F9
:105ED000B9FF019B013D07FA03F38360042004F03E
:105EE00048FC304604F06DFF042004F042FC15F03D
:105EF000FF05E1D101A80194FFF7A4FF0123019A56
:105F000093408360042004F034FC204604F059FFE1
:105F1000042004F02EFC01A80194FFF793FF019ADE
:105F2000C368D34013F0010F0CBF6FF08B0000204B
:105F300003B0F0BDF0F0FCFF2DE9F74F4FF024095E
:105F4000DFF844B0114E8046A6EB0B060F469A468A
:105F5000B6FBF9F60025BD4203D1284603B0BDE8E3
:105F6000F08F38F91540002C0CDDA6420AD3601ED4
:105F700009FB00B05146019290470028EEDB019AE0
:105F80000135E8E70020F5E7C0BB00006CBE00006B
:105F900038B5EFF31185202383F31288BFF36F8F99
:105FA000064B9C6804F06DFF85F31188BFF36F8F7B
:105FB0002046BDE83840FCF71DBD00BF040E0020A0
:105FC00038B50A4B53F82040013053F82050A54211
:105FD00000D838BD606830B1037EDB0701D404F01F
:105FE00000FF0834F3E723689847FAE728CD00005C
:105FF000012270B52C4B2D4C2D4D86B01A70AC4241
:106000001CD30320FFF7DCFF0420FFF7D9FF294C46
:10601000294D2646AE4204F1300413D301F090F826
:10602000244CAC422AD301F09FF8FBF70FFF234A20
:10603000938923F00103938106B070BD54F8043BAB
:106040009847DCE754F80C3C059354F8103C049353
:1060500054F8143C039354F8183C029354F81C3C35
:10606000019354F8203C009354E90A2354E90C01AD
:1060700000F0BAFC54F8303C5E65CAE7D4E90A2364
:10608000B3F1FF3F08BFB2F1FF3F05D052EA030171
:10609000206803D100F022FD3034C2E708491830EF
:1060A00001F03CF9F8E700BFD4120020E4C600007C
:1060B000E8C60000E8C6000018C700005809002024
:1060C000EDB10000B82370B5144E86B003FB006636
:1060D000134B012205930F23CDE903320023CDE9B1
:1060E000013314234FF4A0720E4D0F4903FB0055EA
:1060F000044602FB00110D4B3046009500F074FC85
:10610000337C2C7423F004033374094B013403EB08
:10611000C423EE606B6006B070BD00BFA008002015
:10612000A8D30000040E0020D81E002089AE000075
:10613000D81600207FB50020FFF742FF2C4B03F557
:10614000006282F3088883F30A88E023294C2A4DF1
:1061500084F822300023E37723766376A37684F8ED
:106160002030626A42F4E022626284F82330FCF755
:10617000FBFAFCF729FC4FF0FF33A362E362FCF764
:106180000FFEFCF7A9FC1D4800F09AFC1C4CAC4229
:106190002AD30120FFF714FF02201A4CFFF710FF4B
:1061A00000F0C6FF184B00255C61184B4FF480626D
:1061B000059301231649CDE903532046154BCDE93C
:1061C0000155009500F010FC0646237C204623F084
:1061D0000403237404F0D2FF2846FFF773FF31460F
:1061E00020460C4AFCF7CEFB54F8043B9847CEE718
:1061F000D816002000ED00E0E4C60000E80A002008
:10620000E4C6000058090020040E0020ADD30000B1
:1062100018200020F15F0000F7B50D4604469DF8F8
:106220002010EFF31187202080F31288BFF36F8FC7
:10623000266AE068864240D22668B4421AD0CEB1BF
:10624000304604F02CFE06F1180001F0F7F829465C
:10625000002554F8082F706905F09CFB3046C6F8FD
:10626000B45004F09AFF2046394604F0EAFF28466D
:1062700003B0F0BDA268A9B12946E06905F08AFB28
:10628000E369A26813446269E361934201D123691F
:10629000E3610020236A0133236287F31188BFF38F
:1062A0006F8FE5E7A06923692946984208BF6069B6
:1062B000801AA06105F06EFBEBE752EA03010BD0F8
:1062C000074904F1080089684D61CDE9002339468A
:1062D000224600F03FFECBE76FF02200DDE700BF73
:1062E000040E0020F7B504460846EFF3118620217E
:1062F00081F31288BFF36F8F216A00293BD0A26817
:10630000A16905F047FBA369A26825681344626987
:10631000A361934204BF2369A361236AAC4203F1E2
:10632000FF33236236D02846002D34D0002704F0F6
:10633000B6FD05F1180001F081F86969A268E0690D
:1063400005F028FBE369A268284613446269E3610B
:10635000934204BF2369E361236A01332362C5F8D2
:10636000B47004F01AFF04F10800314604F069FF2C
:10637000384603B0F0BD52EA030111D00A498968DA
:106380004861CDE900233146224604F1080000F0BF
:10639000E1FDEEE7002086F31188BFF36F8FE8E799
:1063A0006FF02200F7E700BF040E00202DE9F34153
:1063B000044617461E46EFF31188202383F3128804
:1063C000BFF36F8F304BC2689B6872B18068984290
:1063D00017D057EA060216D188F31188BFF36F8FE2
:1063E0006FF00F0002B0BDE8F08193F90E1001329A
:1063F0002161C4E9023288F31188BFF36F8F002056
:10640000F0E72169F3E793F90E1090F90E30994205
:1064100030DA9942A8BF194604F055FD05462246D8
:106420004146CDE90076194800F094FD0028E6D0F9
:10643000EFF31186202383F31288BFF36F8FA068D8
:10644000D0B1236821699C420AD04BB193F90E3038
:106450009942A8BF19466FF07F039942B8BF194609
:1064600004F031FD40B13146084804F0EAFE6FF017
:106470000A00B7E70025D2E7002DF4D186F3118892
:10648000BFF36F8FF3E700BF040E0020D51200208A
:10649000F8B583680546002B40D0234A92689342A2
:1064A0003FD1C368012B03D9013BC3600020F8BD75
:1064B000EFF31187202383F31288BFF36F8F0169F5
:1064C000806804F000FD2C68A54207D10023C5E9CF
:1064D000023387F31188BFF36F8FE7E7002CF5D005
:1064E000D4E90032002613605A60237CC4E90066B8
:1064F00023F002032374A66004F1180000F09EFF4D
:10650000AC6094F90E3020462B61C4F8B46004F0FE
:1065100044FE3946054804F094FEC7E76FF01500C5
:10652000C5E74FF0FF30C2E7040E0020D51200206F
:1065300070B5EFF31186202383F31288BFF36F8FBA
:106540000468A0421CD0DCB1D4E9003200251360FD
:106550005A60237CC4E9005523F002032374A5602C
:1065600004F1180000F06AFF2046C4F8B4506561D9
:1065700004F013FE3146BDE87040074804F061BEE8
:10658000D0E902329A4218BF0133836086F3118842
:10659000BFF36F8F70BD00BFD512002013B5EFF3AE
:1065A0001181202484F31288BFF36F8F846844B173
:1065B000013C846081F31188BFF36F8F002002B02B
:1065C00010BD52EA030406D181F31188BFF36F8F27
:1065D0006FF00F00F3E7CDE900230246014800F019
:1065E000B9FCECE7D512002007B5064B4FF48062EA
:1065F000009305494FF0FF33044800F037F903B02A
:106600005DF804FB40CD000018240020100A002093
:106610002DE9F04F04464FF0FF364FF0FF37DFF81B
:10662000948185B0EFF31189202383F31288BFF39F
:106630006F8FD4F8BC5065BB022104F1D40004F084
:106640005DFC002800F0848004F1CC0BD4F8CC5021
:106650005D4500F08A80002D00F08780D5E900328A
:106660004FF0000A13605A602B7CC5E900AA23F0A2
:1066700002032B74C5F808A005F1180000F0DEFE37
:1066800001232846C5F8B430C5F814A004F085FDF0
:10669000DCE7D4F8C0202B689542C4F8BC3008BFB2
:1066A000C4F8C030D4F8D43043F00203C4F8D43076
:1066B000EB6823F0040343F00103EB606B6889F39C
:1066C0001188BFF36F8F28469847EFF31189202375
:1066D00083F31288BFF36F8FEB68D80623F00102B3
:1066E0004ED4EA60EB689A071BD5D8F8000023F077
:1066F0000203EB60A8B10021026890B143689D429B
:106700004ED10368002943D1D8F80420C8F80030DE
:10671000904201D1C8F80430002340F8083BFFF74D
:1067200007FFD4F8D43023F00203C4F8D430DB05DB
:106730003ED4D4F8BC30003B18BF012389F3118844
:10674000BFF36F8F002B3FF46DAF04F0DDFC69E702
:10675000D4F8D430D90608D5C4F8D40089F3118808
:10676000BFF36F8F05B0BDE8F08F00234946CDE938
:106770000067029304F1C4020F4800F00BFD51E7DB
:1067800023F01103EB6005F11000FFF7D1FEA9E73C
:106790000B60D8F80430984208BFC8F80410BBE773
:1067A00001461AB1136810461A46A6E71346FAE7DF
:1067B0000023C3E7280E0020D5120020F8B5C368D7
:1067C00004469A070E46C3F3400542D45F0742D4FD
:1067D0000B680BB983680B60E368D80742BFA368F6
:1067E00002253360376858BF012557B31B4B9A68A1
:1067F000D7F8B8309A421ED104F061FC80F0010055
:10680000C0B2D7F8D430D907C3F380021CD5F2B197
:10681000F8B100232360D7F8C03073B9C7E92F441B
:10682000384604F0C8FBE36843F00403E3603368D0
:10683000A3602846F8BD0020E3E71C60C7F8C0400D
:10684000EEE76FF0150506E06FF0120503E01B0799
:10685000DFD56FF00F0500233360EAE7040E002058
:106860000146014804F0F8BB100A0020F0B50446C8
:10687000002089B00E9DC4E92F0004F1C400C4E9D2
:10688000310004F1CC00C4E9330055B32879002865
:1068900040F2011008BF0120C4F8D40000204FF0DE
:1068A000FF364FF0FF37CDE90330CDE90100CDE9E8
:1068B000066720460C4B009400F034F955B1296866
:1068C00011B1204600F07AF86B791BB1A38943F02F
:1068D0000103A381204600F001F9C4F8B84009B0D3
:1068E000F0BD0120D8E700BF1166000037B5019068
:1068F0000846EFF31184202181F31288BFF36F8FD4
:10690000C16811F01E0F16D153EA020508D101A982
:10691000FFF754FF84F31188BFF36F8F03B030BDCE
:1069200041F00801C160019910308161034900F014
:10693000F5FC0120EEE70020ECE700BFF7AF000018
:1069400001460148FFF7D2BF100A0020F0B585B01C
:106950000C4617461D460190EFF31183202181F369
:106960001288BFF36F8F204603A9039304F0D1FA76
:1069700055EA0703039E09D1204601A9FFF71EFF30
:1069800086F31188BFF36F8F05B0F0BDE3683A4618
:1069900043F00803E360019B0449A36204F1100083
:1069A0002B4600F0BBFC0120EAE700BFF7AF000078
:1069B00001460148FFF7CABF100A002010B504467F
:1069C00008B9084B9C6849B11F2204F17C0004F00F
:1069D000F6FF002384F89B30002010BD84F87C1063
:1069E000FAE700BF040E00202DE9F04F984685B06D
:1069F00000F15803C0E91633129B4FF0000A83815F
:106A000004234FF0000B0025D61D26F00706037463
:106A1000119BC0E908AB01EB060A0F46C0E9065519
:106A2000514685608373C5730446DDF84C90FBF7CF
:106A300091FC109B073020F00700C4E92776C4F8CA
:106A4000A40002930F9BAAEB000601930E9B324613
:106A50000093394643462046FBF778FF0E9B656559
:106A6000E3660F9BC4F868802367109B6367EFF3AE
:106A70001183202282F31288BFF36F8F0F4F3A6A7F
:106A80003C62A26783F31188BFF36F8FB9F1000FE7
:106A900011D01F22494604F17C0004F090FF84F8D5
:106AA0009B50BB680BB1D3F8A8303046C4F8A8306F
:106AB00005B0BDE8F08F84F87C90F2E7040E00206A
:106AC0000123037483810023C0E92733C0F8A83071
:106AD000014B9860704700BF040E002038B5044693
:106AE000EFF31185202383F31288BFF36F8F037CAC
:106AF0005B070FD5183000F0A1FC237C204623F063
:106B00000403237404F049FB2946BDE838400448D7
:106B100004F097BB85F31188BFF36F8F38BD00BFBA
:106B2000D5120020F0B5002587B00595109DDDE950
:106B3000127604950F9D044603950E9D02950D9DBA
:106B400001950C9D0095FFF74FFFB6F1FF3F08BF81
:106B5000B7F1FF3F05D056EA070305D12046FFF7FE
:106B6000BDFF204607B0F0BD3A46334604F1180099
:106B7000014900F0D3FBF4E7EDB10000084B1878B1
:106B800068B1EFF3058048B9EFF311833BB9054BCA
:106B90009868054BC01A18BF012070470020704745
:106BA000D4120020040E0020A00800206FF00A017B
:106BB000094A9368C3F8B4100849C3F8B0004B6899
:106BC00043F080534B60002383F31188BFF36F8F32
:106BD0009368D3F8B4007047040E002000ED00E085
:106BE00038B590F910200146002A037C04DA03F03E
:106BF0007F03037404F08AFA0D4D2A4652F8184FA9
:106C0000AB68944200D004B9EC688B4207D01A7C80
:106C1000D20604D1DA897F2A01D9A2692AB1A34216
:106C200002D0204604F06DFB23466B6138BD00BFE7
:106C3000040E002070B590F91020037C002A2FDB91
:106C4000D9062DD11A4C63F07F032246037452F803
:106C5000183FE169934207D1C0E900210860E06173
:106C60000FE09942F8D01B68002BF5D093F90E6025
:106C700090F90E50AE42F4DD5968C0E90031086069
:106C80005860A569954200D005B9E568A3681A7CEB
:106C9000D20606D1DA897F2A03D9AA690AB96361C3
:106CA00070BDAB4202D0284604F02BFB6561F7E7CC
:106CB000040E0020034648B9EFF3058232B9064AB4
:106CC00051699268914201D0FFF770BF83F3118838
:106CD000BFF36F8F704700BF040E002038B5184C0B
:106CE000A168E0690B68814214BF1A460022496816
:106CF0000B605960A368E1692AB9124AC3E900210F
:106D00000B60E3610AE092F90E5093F90E008542A0
:106D100012DD5168C3E900210B605360A569094B7E
:106D20009D4200D005B9E568A3689D4202D028467F
:106D300004F0E7FA656138BD8A42DED01268DBE70D
:106D4000040E00201C0E0020002A2DE9F8430CBF81
:106D50004FF010084FF00808027C044618EA020FB2
:106D60000D4665D148EA0203D2090CD10374B8F18B
:106D7000080F7ED1A36813B1204604F0CFF9202775
:106D800004F118060FE003F07F03037404F0BEF96A
:106D9000EDE785F31188BFF36F8FEFF3118587F36C
:106DA0001288BFF36F8F304600F048FB0B30F0D0F5
:106DB000A66D04F15807B74211D04FF0000976B123
:106DC000304604F0ABF9C6F8B49006F1180000F0B4
:106DD00035FB3046FFF72EFFA66DB742EFD1294BAA
:106DE0009B689C4245D1EFF30587003F18BF012700
:106DF000DFF890904B4653F8186F9E4200D00EB9C2
:106E0000D9F80C60D9F80830B34202D0304604F00B
:106E100078FAB8F1100FC9F8146009D0204602F0D2
:106E2000ADFA204600F04CFA17B11748FFF748FEBC
:106E3000144B9B68A3421ED1EFF30583DBB9A289F3
:106E4000D20711D585F31188BFF36F8F83F31188B3
:106E5000BFF36F8F0423184602DFEFF31185202361
:106E600083F31288BFF36F8F2846BDE8F843FFF71E
:106E70009DBE0027BCE785F31188BFF36F8FBDE887
:106E8000F88300BF040E0020E80A002070B50F4D03
:106E900006462B4653F8184F9C4200D004B9EC68C4
:106EA000AB681A7CD20604D1DA897F2A01D9A2699B
:106EB0002AB1A34202D0204604F023FA23466B6194
:106EC0003046BDE87040FFF7F5BE00BF040E00205D
:106ED00070B5EFF31186202383F31288BFF36F8F11
:106EE0001A4CA168E0690B68814214BF1A4600225F
:106EF00049680B605960A368E1692AB9144AC3E97B
:106F000000210B60E3610AE092F90E5093F90E0044
:106F1000854216DD5168C3E900210B605360A56905
:106F20000B4B9D4200D005B9E568A3689D4202D095
:106F3000284604F0E6F965613046BDE87040FFF789
:106F400035BE8A42DAD01268D7E700BF040E0020AF
:106F50001C0E0020F8B5124B0C46DDE906761146F2
:106F60009868104A1060EFF31182202282F3128891
:106F7000BFF36F8F9D68284604F0DAF8B6F1FF3F43
:106F800008BFB7F1FF3F06D03A463346064905F140
:106F9000180000F0C3F92046BDE8F840FFF706BE30
:106FA000040E0020300E0020EDB10000F8B50446BC
:106FB000EFF31187202383F31288BFF36F8F037CD5
:106FC00049B203F01F02002A0CBF0126002635D16A
:106FD00003F07F032A4D037404F098F82A46037CDB
:106FE000817363F07F03037452F8183FE86993429A
:106FF00007D1C4E900200460EC610DE09842F8D0AC
:107000001B68002BF5D093F90EC08C45F6DD59684E
:10701000C4E900310C605C60AC69944200D004B9F2
:10702000EC68AB689C4202D0204604F06AF96C61BF
:1070300087F31188BFF36F8F3046F8BD9B071CD5CF
:10704000856804F063F881732B689D4209D16B68F1
:10705000C4E900531C606C60EAE76A689A42F6D0A3
:107060001B68002BF3D093F90E208A42F5DD5A6895
:10707000C4E9003214605C60DAE78173D8E700BFCE
:10708000040E0020034648B9EFF3058232B9064AE0
:1070900051699268914201D0FFF788BD83F311884E
:1070A000BFF36F8F704700BF040E0020F8B550EAA1
:1070B000010305460C4603D104F026F80020F8BD74
:1070C000EFF31187202383F31288BFF36F8F144EE1
:1070D000144BB068186004F062F8B0682A46234682
:1070E0001149183000F01AF9B36804461A7CC3F845
:1070F000B07042F004021A746FF00A02C3F8B420B0
:107100000A4A536843F080535360002383F3118885
:10711000BFF36F8F04F01EF9201A20EAE070CEE76B
:10712000040E0020300E0020EDB1000000ED00E064
:10713000024B03F11802C3E906227047040E002037
:10714000EFF31181202383F31288BFF36F8F054B78
:107150009A68D37B013BD37381F31188BFF36F8FA0
:10716000704700BF040E0020EFF31180202383F34B
:107170001288BFF36F8F034B9A68D37B0133D373AD
:10718000FFF784BE040E0020014B9868704700BFD3
:10719000040E0020D3B5DDE90667089CCDE9006741
:1071A000FFF7D8FE1CB1034B9B685B69236002B0FC
:1071B000D0BD00BF040E0020027C034612F01F0267
:1071C00010D10A4988420DD00949086868B1D989A7
:1071D0007F2909D893F90E20064B1B689A42B8BF45
:1071E000002070470020704710467047A00800201C
:1071F000D8050020340E00200122044BC01A044B95
:10720000C0105843034B1A54704700BFA00B002016
:10721000ABAAAAAAD5120020F8B50B4B04461E7CD7
:1072200018230A4D0A4F03FB0655284600F006F9BD
:1072300034B1BB5D2846E21A0649D31700F06EF858
:107240000023BB55F8BD00BF040E0020A00B00209A
:10725000D5120020F9710000F8B5EFF31187202353
:1072600083F31288BFF36F8F124E134BB568186803
:10727000A84206D104F045F887F31188BFF36F8F59
:10728000F8BD00221A60337C0C4AD35C002BF3D08B
:107290002846FFF791FF04460028EDD02B7CDB0643
:1072A000EAD1FFF71BFD7369AB42E5D12046FFF73A
:1072B000B3FFE1E7040E0020300E0020D5120020BD
:1072C000EFF31181202383F31288BFF36F8F0A4AF3
:1072D000136A834207D19B6F136281F31188BFF356
:1072E0006F8F70471346002BF7D09A6F8242F9D107
:1072F000826F9A67F1E700BF040E0020024B186806
:10730000984208BF00207047DC050020024B186837
:1073100008B1FDF753BB7047E4050020B3F1FF3F10
:1073200008BFB2F1FF3F2DE9F84F04469A461546D3
:10733000984679D00161EFF31187202383F31288F7
:10734000BFF36F8FBAF1000FDFF8E49023DBFFF794
:10735000DDFF384B06461A68003A18BF012245196E
:107360004AF10003521943F10003D9E900515519BC
:1073700043EB01080121DFF8C090C4E90223FFF7C5
:10738000BDFFD9F804A0D0B9C4E9009ACAF80040FA
:10739000C9F8044025E06FF00102D9E90013521A40
:1073A0004FF0FF3161EB0303521B63EB0A03012A29
:1073B00073F10001BCBF012200230021DBE7D0E90B
:1073C000022ED4E9023C93427CEB0E0B23DAD21A54
:1073D0006EEB0C03C0E902234368C4E900031C60A0
:1073E0004460FFF78BFF84420DD1124B1B680133C1
:1073F00009D111B9FFF78AFF0646304603F088FF2E
:107400000021FDF7EFFA87F31188BFF36F8F28464D
:107410004146BDE8F88F9B1A6CEB0E025045C4E95B
:107420000232B1D00068AEE70025A846EFE700BF02
:10743000B80B0020E4050020DC050020F8B5044668
:10744000EFF31186202383F31288BFF36F8F026856
:1074500072B3FFF753FF184B5B689C4208D0D2E928
:107460000231D4E90275DB1941EB0501C2E90231B1
:10747000D4E900320025844213605A60C4E9005503
:107480000ED000200D4A136823F001018C4204BF86
:1074900043F00103136086F31188BFF36F8FF8BDCB
:1074A000FFF734FF03F034FF2946FDF79BFAE8E7C6
:1074B0006FF01500E6E700BFDC050020380E002065
:1074C000EFF31182202383F31288BFF36F8F064BF3
:1074D00040F001001B681B1A5842584182F3118882
:1074E000BFF36F8F704700BF380E002000232DE9D7
:1074F000F0470C46334E344DDFF8D090344F3060B7
:107500002B60D6F80080B8F1000F10D14FF0FF3398
:1075100040462B6003F0FCFE4146FDF763FA84F31E
:107520001188BFF36F8FBDE8F047FFF795BEFFF7F7
:10753000E5FE6FF0004330B1D0E90212994272F1DA
:107540000002B8BF0B464345194684BF4346414637
:107550004FEAE37C38B18268D0F80CE0D21A6EEBC7
:107560000C0EC0E9022EA8EB01014FF0000A4FF00B
:107570002008D9F800203160D218D9F8043043EB44
:107580000C03C9E90023FFF7B9FE0028B9D0D0E900
:1075900002120A43B5D1D0E900210A6051600269A4
:1075A000C0E900AA386084F31188BFF36F8F904759
:1075B000EFF3118488F31288BFF36F8FC7F800A030
:1075C000E1E700BF3C0E0020E4050020B80B0020DE
:1075D000380E002010B5EFF31184202383F31288B6
:1075E000BFF36F8FFFF792FE054AD2E90031C01852
:1075F00041F1000184F31188BFF36F8F10BD00BF0C
:10760000B80B00202DE9F0410446EFF3118620234A
:1076100083F31288BFF36F8F03682BB186F3118851
:10762000BFF36F8FBDE8F081FFF74AFF07460028E0
:10763000F4D1D4E90A586A1C48F10003022A73F114
:10764000000324D303F08AFE281848EB0101012827
:1076500071F1000142DB03F081FE6FF00203281894
:1076600048EB010183426FF000438B413BDB03F0A9
:1076700075FE6FF001022D1848EB01034FF0FF314A
:10768000521B61EB030320461949FFF747FE236BAA
:1076900001332363236A63B186F31188BFF36F8FCD
:1076A00020469847EFF31186202383F31288BFF317
:1076B0006F8F54F8185FA542B0D0002DAED0284689
:1076C00003F06FFD0023C5F8B43086F31188BFF3D3
:1076D0006F8F2846BDE8F04103F050BD6FF0010206
:1076E0004FF0FF33CFE73A464FF00043CBE700BF00
:1076F00005760000B3F1FF3F08BFB2F1FF3FF8B5D8
:10770000044616461D4618D0EFF31187202383F355
:107710001288BFF36F8FFFF791FEDDE906010023AA
:10772000C4E90A01236332462B4620460349FFF78A
:10773000F5FD87F31188BFF36F8FF8BD0576000064
:1077400070B50546EFF31184202686F31288BFF347
:107750006F8FFFF773FE20B184F31188BFF36F8F33
:1077600070BD6B6A63B184F31188BFF36F8F2846D5
:107770006B6A9847EFF3118486F31288BFF36F8F1B
:1077800005F1180003F047FD0028E5D003F0F6FCF2
:107790002146BDE87040014803F053BDD6120020D9
:1077A00073B50446EFF31186202383F31288BFF3E9
:1077B0006F8F8368594003EA02050A405340002254
:1077C000009309496B46019203F067FDDDE9003241
:1077D00023EA020304F10C003146A36003F031FDFB
:1077E000284602B070BD00BF73B4000038B5064C27
:1077F000064DAC4201D3002038BD2046D4E9011229
:1078000003F067FE1434F4E7980600209806002081
:1078100038B50C4C0C4803F093FE65780A4803F029
:1078200095FE0A4803F08CFE022D08D12478E31F50
:107830005C425C41054803F089FE204638BD0024C7
:10784000F8E700BF400E0020E805002000060020F9
:1078500010B51B4C1B4803F073FE2378590744BF37
:1078600003F0FB0323709A0705D500F0B1F82378E5
:1078700023F002032370134803F068FE124803F05C
:107880005FFE637813B1114803F058FE0023042112
:107890000E48637000F0B6F80B4803F057FE094835
:1078A00003F04EFE2378DB0705D503F044FE237872
:1078B00023F0010323700348BDE8104003F046BEE7
:1078C000400E002000060020E8050020440E0020A5
:1078D00070B5FFF79DFF10B10024204670BD3448FD
:1078E00003F02EFE044620B16FF08F04FFF7B0FFC7
:1078F000F3E7304D2B789E0706D400F061F804467C
:107900002B7843F002032B70294803F01FFE10B1BF
:10791000002CE9D0EAE7002CE8D1254803F010FE5E
:1079200004460028E0D12B78D80706D403F001FEE6
:1079300004462B7843F001032B701D4803F006FE2C
:107940000028E5D1002CD1D1194803F0F9FD002819
:10795000CAD117482E7803F0F9FD0028C4D1164883
:1079600003F0EEFD04460028BED16B783BB9F10769
:1079700005D5124803F0E0FD022304466B700E4863
:1079800003F0E4FD0028C3D1002CAFD1084803F078
:10799000D7FD0028A8D12B7805485A075CBF43F0D3
:1079A00004032B7003F0D2FD002895D09CE700BFA4
:1079B00000060020400E0020E8050020440E0020B4
:1079C0000122024B002083F8C0227047480E00209D
:1079D0002DE9F0410A4C002526464FF00108032707
:1079E0002046C4F820802777013503F085FD102D4F
:1079F00004F12C04F4D1002386F8C032BDE8F081F4
:107A0000480E002010B50A46044619B1024B002169
:107A10001B68984710BD00BF4CCD000010B50C4C42
:107A2000206803F083FF0B4A1368591C11604BB99F
:107A3000094A4820D2F8003443F00703C2F8003462
:107A4000FAF72AFF2068BDE8104003F075BF00BFB9
:107A50001C0600200C1100200080045038B5164D83
:107A6000286803F063FF154B1C68013C1C60ECB9EF
:107A70004820FAF71FFF0722114BC3F80823D3F859
:107A8000002422F00702C3F80024C3F80041D3F811
:107A90000021C3F80441D3F804214FF48072C3F8E5
:107AA0000841D3F80831074BC3F888212868BDE89E
:107AB000384003F041BF00BF1C0600200C1100201D
:107AC0000080045000E100E070B5144D144E2B68A6
:107AD000B34221D0FFF7A2FF00F012FA00F0C8FA7B
:107AE00038B103F035FD0446FFF7B8FF44B92E6006
:107AF00006E0FDF781FE28B1FFF7B0FF6FF09204BA
:107B0000204670BD00F04CF9044610B1FFF7A6FF07
:107B1000F6E703F0EEFDE6E70024F1E718060020A3
:107B2000117365002DE9F04F8BB01C4607460D46DA
:107B3000164603F0B5FD034628B16FF092084046A3
:107B40000BB0BDE8F08F7A690290C2F3013161F3A6
:107B500005138DF8083013F0300305D1B86880079D
:107B60000DD06FF08608EAE7102B08D1BDF80A3077
:107B700023F4F87343F4A873ADF80A3053E0D2B29B
:107B8000F82A2ED100224FF0010B90461046944661
:107B9000D7F808E0DFF8F89159F804AB1EEA0A0FAD
:107BA00008D00BFA0CF242EA080202F07F08012228
:107BB00040EA0A000CF1010CBCF1070FECD12AB12C
:107BC0009DF80B2068F347028DF80B203EEA000079
:107BD00007D17A88FF2A0FD006D8802A35D0C02A4C
:107BE00035D06FF08508AAE7B2F5807F31D0B2F5C5
:107BF000C07FF6D1062200E003229DF80A0062F35E
:107C000006108DF80A0013B91EF0030FA9D13B79B5
:107C1000022B2AD01FD8012BA3D1BDF80A2063F371
:107C2000C812ADF80A20012937D0032922D0002933
:107C300097D13B88B3F5105FD3D1182C03D0202CFB
:107C400001D0102C8DD1534F2BE00122D5E7022219
:107C5000D3E70422D1E7032B01D0FF2B81D10222ED
:107C6000BDF80A3062F3C81386E7BDF80A3043F462
:107C7000C07381E7202C05D006D8102C02D0182C18
:107C80007FF46FAF444F0CE024F02003412B01D070
:107C9000302CF5E70136013CF4E7302C7FF461AF7E
:107CA0003E4F0F344FEA1419494628460DF107029A
:107CB00002F0C5FF00287FF440AF9DF807307BB984
:107CC0004946284603AAFDF72FFE00287FF435AF6A
:107CD0009DF80C30002B7FF430AF6FF08A082EE750
:107CE0001F2C39D11C22002103A803F060FE4FF0A5
:107CF000000B4FF0FF3A07EB0B124FEA0B13089201
:107D0000BBF1000F2FD1029A0992BDF80A2033442B
:107D1000C2F3C11207920DF10C0C03F1100E624672
:107D200018685968083303C273459446F7D1002197
:107D3000012005EB0B0802F093FF414603A8FDF775
:107D400069FD00218046084602F08AFFB8F1000F65
:107D50000CD003F0A5FCF0E64946284603F06EFC83
:107D60000028BFD0E9E6CDF824A0CEE71C2103A867
:107D70000BF1010B03F002FED945BCD11F2C3FF4DF
:107D8000DEAEBA2003F07BFC00283FF4D8AED4E688
:107D900050CD0000400081510000002010840450AC
:107DA00010B590B01C22002101A803F000FE0221B2
:107DB000F8200DF1030202F042FF044620BB9DF8BB
:107DC0000330F3B120220DEB020100F04FFA04461C
:107DD000B8B94FF480710E4A0E4B01A8CDE90123CA
:107DE0000D4BCDE903130D4BF821069320230DEB2A
:107DF0000302FFF797FE202104460DEB010003F07C
:107E0000BDFD204610B010BD6FF09204F9E700BF31
:107E100000240001014B4E800010C004F800FF7FD9
:107E200010B50446FFF7FAFD104B186803F07EFD0D
:107E30000CB101232370BFF35F8F4FF0A3430020E9
:107E4000D861BFF35F8FBFF35F8F4FF0FF321A63CC
:107E5000BFF35F8FBFF35F8F3422DA61BFF35F8FB1
:107E60000122034BC3F8042310BD00BF20060020ED
:107E70000080045010B5044608B1037843B1FFF701
:107E8000EDFD044B186803F057FD0CB1002323707F
:107E900010BD00BF2006002038B5164CD4F80051A4
:107EA000C5B1BFF35F8F4FF0A343996ABFF35F8FF4
:107EB000BFF35F8F4FF0FF321A63BFF35F8F002372
:107EC000C4F80031D4F800310B4B1868BDE83840D5
:107ED00003F045BDD4F8083153B100F095F803F034
:107EE0002EFCC4F80851D4F808310121034BECE70B
:107EF00038BD00BF00800450280600202406002062
:107F000008B5074B186803F019FD064B186803F015
:107F100015FDBDE80840002248201146FAF7DEBCF6
:107F2000280600202406002038B5094B1C7864B1CF
:107F3000084B4FF0FF311D68284603F001FD4FF05C
:107F4000FF310446284603F008FD204638BD00BF37
:107F5000D41200202806002038B5094B1C7864B1E3
:107F6000084B4FF0FF311D68284603F0E9FC4FF045
:107F7000FF310446284603F0F0FC204638BD00BF20
:107F8000D41200202406002010B5064CE36C3BB947
:107F9000214651F84C3B986903F01AFC0123E36435
:107FA000014810BD101100205C11002010B50446DE
:107FB000114B186803F0BAFC104B1A682361226059
:107FC0005A6862609A68A2600D4A12689A66002335
:107FD000A364FFF723FD04220A4BC3F804232046C1
:107FE00003F09EFB20B9204603F09FFB00B910BDB3
:107FF000FFF7B2FFF3E700BF2C06002010110020AE
:108000006CCD000000800450004870471011002023
:1080100010B50446074A0369126801219A660022D6
:1080200003F0B8FB204603F0C6FB2046BDE8104035
:1080300003F08DBB84CD000010B50446FFF7E8FFC8
:108040000422084BC3F80823FFF708FD064A2369FA
:1080500012689A6600236364044BBDE810401868F8
:1080600003F06ABC008004506CCD00002C06002098
:1080700010B50E4B0E4C236003F5C04363602461C2
:10808000FFF782FF236D2046B3F5007FCCBF4FF48E
:1080900080634FF40073A360FFF788FF2046FFF76B
:1080A000B7FF2046FFF7C8FF002010BD0020805119
:1080B00010110020244B0340B3F5806F30D016DC44
:1080C000402B2FD008DC102B2ED0202B2ED0181EAA
:1080D00018BF012040007047B3F5807F28D0B3F56A
:1080E000007F27D0802B14BF02200B207047B3F5F0
:1080F000804F21D00BDCB3F5805F1FD0B3F5005F5C
:108100001ED0B3F5006F14BF022006207047B3F5F0
:10811000004F17D0B3F5803F14BF022003207047F3
:10812000112070470A2070470C20704709207047C3
:1081300008207047072070471420704705207047BB
:10814000042070470F207047F0FF010000212DE947
:10815000F04307468FB00846FFF762FE044620B1A1
:108160000FB0BDE8F04303F0F3B94FF01009DFF8AA
:108170008080012210211F4803F056FA02AD1D4AEB
:108180002B19009320211023CDF80490A2F1200098
:1081900000F00EF9064650B10020FFF76BFE3046A6
:1081A00003F0D6F9064630460FB0BDE8F083D8E9B3
:1081B0000C321034013342F10002302CC8E90C3289
:1081C000D7D1FFF757FE27B122463946284603F09C
:1081D0001EFA0FCD064C0FC495E80F0084E80F007F
:1081E00010340EAB13E90F0084E80F00DBE700BF8B
:1081F000C00B0020E00B0020F0B5194D194FAB6B00
:108200008DB0BB4229D0184E306803F08FFB40235D
:1082100000221946284603F0A6FB3021684603F0E9
:10822000FDFA044678B96846FFF790FF044690B916
:10823000302302461946684603F095FB01220023CD
:10824000C5E90C23AF63306803F076FB204603F0EA
:108250007FF90DB0F0BD0E24F5E70020F9E700BF6F
:10826000C00B0020B4A5B4A5300600202DE9F04FC6
:1082700002F10F090446884615468FB04FEA1919D6
:1082800032B1002900F08A80B2F5803F00F286808A
:10829000444F454E386803F049FBD6E90C3213438E
:1082A00008D12046FFF7A8FF044618B1386803F04C
:1082B00043FB5FE0D6E90C2319EB020243F1000314
:1082C000B3F5803F14D3302102A803F0A7FA00BB16
:1082D00002A8FFF73BFF04460028E7D130230246FF
:1082E000194602A803F03FFB00220023C6E90C2335
:1082F00000210846FFF794FD044668B94FF01009C5
:108300009DB92846FFF7B6FD2846FFF71FFF044634
:10831000CCE76FF09204C9E7386803F00DFB204604
:108320000FB0BDE8F04F03F013B9102D4FF001026C
:108330004FF010011D48AA4628BF4FF0100A03F065
:1083400073F91A4A0DF1080B10232021CDF804907F
:10835000CDF800B0A2F1200000F02AF8044668B180
:108360000020FFF787FD386803F0E6FA204603F0A7
:10837000EFF8044620460FB0BDE8F08F5246404665
:10838000594603F007FBD6E90C32013342F10002F3
:10839000C6E90C32A5EB0A05D044B1E76FF08604BC
:1083A000E8E700BF30060020C00B0020E00B0020F3
:1083B00037B54FF480740194214C41F00051A16114
:1083C00040F6110143F00053A3622123E16104F15F
:1083D0002001616101212262E362069A194B01AD1D
:1083E0001A60079A256042F000521125C3E9011274
:1083F0002022DFF854C02061C4E902C504F1100551
:1084000065606162DA60BFF35F8F4FF0A342146072
:10841000BFF35F8FBFF35F8F1361BFF35F8FBFF356
:108420005F8F03235363BFF35F8FBFF35F8F93634C
:10843000BFF35F8F03F049FA431CFBD003B030BD9C
:108440008C1100207C11002004000020BFF35F8FFE
:10845000094A1368BFF35F8F43F48071BFF35F8FE6
:108460001160BFF35F8F23F48073BFF35F8F1360DE
:10847000BFF35F8F704700BF0010805108B5FFF752
:10848000E5FFBFF35F8F064A1368BFF35F8F43F0CA
:108490000103BFF35F8F1360BFF35F8F08BD00BFA1
:1084A0000010805170B50026C0E9006605460C46F4
:1084B000FFF7B4FA01232B70FFF7C8FFBFF35F8FFC
:1084C000204BDB68BFF35F8F9B08013BACB3226896
:1084D00042B19A4205D9FFF7C1FA6FF03F002E7002
:1084E00070BD1346D4E90115E068002908BF4FF4B8
:1084F0000071002808BFF1202469BFF35F8F114A83
:108500009360BFF35F8FBFF35F8F1564BFF35F8F1F
:10851000BFF35F8F5064BFF35F8FBFF35F8F516313
:10852000BFF35F8F44F4802444F00104BFF35F8FF6
:108530001460BFF35F8F0020D2E74FF40071F12089
:108540002546DAE70010805170B503780D461446D1
:10855000002B52D0BFF35F8F2C4A136BBFF35F8F9A
:1085600003F00E010A294BD013F00C0F02D14FF08B
:10857000FF3070BD4368D3B9BFF35F8F5368BFF35B
:108580005F8F032BF3D9224B2249BFF35F8FD2F8C1
:108590008060BFF35F8FBFF35F8F43F8046BBFF35F
:1085A0005F8F8B42F1D1FFF769FF01234360BFF377
:1085B0005F8F164B9A68BFF35F8F0132B4EB021FD7
:1085C00021D8BFF35F8F5A68BFF35F8FB4EB820F80
:1085D000CDD884B1BFF35F8FD3F88020BFF35F8F16
:1085E000291D05F8012BA9424FEA122204F1FF349C
:1085F000EFD0002CF5D10020BBE76FF02000B8E7EA
:108600006FF05100B5E76FF03F00B2E70010805106
:1086100010108051201080510FB407B504AA064BEA
:1086200052F8041B1868019200F008F803B05DF8D6
:1086300004EB04B0704700BFB4C900002DE9F04F4F
:1086400043688BB080469246009383789C0740F144
:10865000F98000250878002800F0F68025280AD047
:108660004B1C019301354146009B98470028C0F2FE
:10867000E3800199EEE74E788B1C252E0193F1D013
:1086800000270A22B9463C461F2C22D8A6F1200317
:10869000102B20D8DFE803F0141F1F1A1F1F1F0B19
:1086A0001F1F1F121F171F1F090044F00104019B09
:1086B00013F8016B0193002EE6D13AE044F0020476
:1086C00044F00404F3E744F00804F0E744F0100435
:1086D000EDE77F2C24D8A6F13003092B08D86006DB
:1086E0004EBF02FB073744F0200402FB0939DEE7E6
:1086F0002A2E0DD161065AF8043B53D4002BA7BF94
:1087000044F020049946C3F1000944F02804CEE760
:108710002E2E05D1630600F1978044F04004C6E791
:108720006C2E2ED028D8682E32D06A2E37D04C2E00
:1087300035D0002F46F02003B8BF24F04004A3F149
:108740006502BCBF0027A4B2022A01D9612B2BD13C
:108750000AF1070A07279D4E2AF0070A0AF1080ABC
:10876000210760D506EB070B34465C455DD1AE1B97
:10877000A9EB0709A21959E1742E98D07A2E96D048
:10878000D7E7260648BF44F4007444F080048EE71F
:10879000E00548BF44F4007444F4807487E744F46F
:1087A000207484E71F4682E7A6F16302122A00F2D2
:1087B000D880DFE812F013004D00D600D600D600B6
:1087C000D6004D00D600D600D600D600D600E80070
:1087D000D100D600D6001A00D600A0005AF8043BFB
:1087E000012704AE8DF81030BAE75AF8046B784BC5
:1087F000002E08BF1E4614F0400F304614BF394605
:108800004FF0FF3103F0EEF80746A9E7414620207C
:10881000009B984700280FDB013CA742F6D34D444C
:10882000A1462D1B9EE74C46F7E7414614F8010B85
:10883000009B9847002898DA98F8023043F0040328
:1088400088F802304FF0FF3528460BB0BDE8F08FB6
:10885000220630D5A3052AD50AF1070A2AF0070314
:108860009A4659685AF8080B24F0100B00291FFA91
:108870008BFB2FDA40424BF4806B61EB410104AC7F
:108880000A23224603F0BAF81BF0400FA0EB0402C3
:1088900000F08E802BF001049742A4B240F38F8049
:1088A000002E40F08E802BF01104A4B21DE05AF887
:1088B000040BC117D8E7E0055AF8041B01D4084699
:1088C000F7E7A20547BF48B241F3C01108B241F330
:1088D000C031C9E750EA0103D1D16306CFD5002FDB
:1088E000CDD124F011043A46A4B23B4640F20641F1
:1088F0000C4262D124E024F010040A23A4B214F044
:10890000800243D014F4007117BF0AF1070A5AF825
:10891000040B2AF0070292461CBF51685AF8080B54
:1089200050EA01023ED124F0160B62061FFA8BFBBF
:108930003CD5002F3AD124F017043A463B46A4B266
:1089400021075AD4E10705D5994572DDA9EB030348
:108950009F184B469B464AE044F0100410237826AB
:10896000CDE7782B04D1C6F1780343F01003C6E7B6
:1089700041462520009B98470028FFF65DAF023551
:108980004146304670E608230026B8E714F48071AB
:108990005AF8040BC4D014F400711ABFC0B21146C7
:1089A00080B2BDE724F006041FFA84FB04AC68E73C
:1089B00013465C46E10699D52EB90133C0E713464C
:1089C000F8E73B46F6E70233BAE700BFC2D3000040
:1089D000BBD30000CDE9023241462020009B9847DE
:1089E0000028FFF629AF0BF1010BDDE90232D94572
:1089F000F0DCEB1A03EB0B055B46E10627D541469D
:108A00003020CDE90232009B98470028FFF614AFD2
:108A1000DDE902327EB901352F44791B8A4229DB18
:108A2000144604AE94BB2A44A9EB030915469144AD
:108A300040E017468EE7023541463046CDE9023226
:108A4000009B98470028DDE90232E5DAF4E640F2BF
:108A500006410C42E0D014F0020F05F10105414639
:108A600014BF2B20202014F4806FCDE9023218BFF0
:108A70002D20E5E7CDE902324146009B302001354B
:108A800098470028DDE90232C7DAD5E6013C4146C5
:108A9000CDE90232305D009B98470028DDE90232C3
:108AA000C0DAC9E641462020009B013598470028DE
:108AB000FFF6C2AEA9EB0503002BF3DCD9E500BF3E
:108AC00010B100200249704700200249704700BFE2
:108AD0000000F0FF0000F07F08B1024870474FF03F
:108AE000FF407047000080FF08B502F0E5FF014835
:108AF00008BD00BF0000C07F70470346F0B40C46BD
:108B0000DA880068197922430125066942F30003D7
:108B100003F44023346853408D4023F48012DB0774
:108B200087684CBF2C43AC4334603B68F0BC1847AB
:108B300003460A4600681979012303FA01F1036923
:108B40001B68194218BF82F0010283680AB1DB6812
:108B500018471B69FCE700207047012208B5036A2B
:108B60001A71F9F705FB002008BD00EBC100408831
:108B700040087047F8B50346FFF7F7FFB0FA80F0FA
:108B8000C0F11F0003EB800CDCF81060CA00171D59
:108B90000C4606328DB256B9012101FA00F0D968AF
:108BA0000143D960CCF81040DD539D52F8BDF1006F
:108BB0000431585AD85303EBC0009E52C5805D5211
:108BC000F4E7043A2DE9F843CC1D114424F00704DE
:108BD00021F00706A6EB04084FEAD807B7FA87F298
:108BE0004FF00009C2F12405AD000735C2F12002A3
:108BF000ED0804604946A760C4F80C90920004F1A7
:108C0000100002F0D4FEAAB2530043F001036380C7
:108C10007B1B9BB204EBC5015800A4F80090488070
:108C200024F83520A6F8029024F8083004EBC70396
:108C30005A88294642F001025A802046BDE8F8438E
:108C4000FFF798BF00207047002070470FB407B5AA
:108C500004A951F8040B0191F9F72AF903B05DF862
:108C600004EB04B07047002203680BB91846704744
:108C70008B4210D10B6842B942680360914200D127
:108C80004360002301200B607047136043689942E2
:108C900008BF4260F5E71A461B68E6E7038B13F04E
:108CA000070306D10368002B18BF032008BF00206C
:108CB0007047022B05D1408BB0FA80F0400980004C
:108CC0007047012B04D10368002B18BF0520EDE786
:108CD0000020704710B50C4600B111B96FF01500B7
:108CE00010BD081D00F0C6F80028F9D1A368032BB9
:108CF000F6D9F3E72DE9F0410D4607461946281D40
:108D000090461E4600F0C7F8044638B13346424646
:108D100029463846A446BDE8F0416047BDE8F081E9
:108D200010B4EFF31182202484F31288BFF36F8F05
:108D3000416110BC0121F9F7D3B838B50C4605469E
:108D400058B151B10B6843B14B6833B11C220021BB
:108D500002F02DFE00202C6138BD6FF01500FBE7FE
:108D6000F8B504460E46FFF7B5FF051E3BDBEFF3F3
:108D70001182202383F31288BFF36F8F4FF6FF71A8
:108D8000638B278B8B4207F007072ED0062F2FD837
:108D9000DFE807F0182E082E180418006FF085057C
:108DA000002303E0013363830225012382F311884A
:108DB000BFF36F8FBBB100233A4631462046FFF721
:108DC00099FF10E000233360636823B9C4E90066AB
:108DD00027B13D46E4E71E606660F9E702212046C0
:108DE000F9F77EF83D462846F8BD6FF00A05D7E74B
:108DF0006FF00405D4E710B5EFF31182202383F35D
:108E00001288BFF36F8F048B04F00704022C0AD082
:108E1000012C0CBF6FF004006FF0850082F3118805
:108E2000BFF36F8F08E0438B013B9BB2438323B9B1
:108E30002146F9F755F8204610BD2046EEE738B533
:108E4000A8B1A1B1EFF31185202282F31288BFF3FC
:108E50006F8F048BFFF707FF30B104F0070085F335
:108E60001188BFF36F8F38BD6FF07700F7E76FF0B1
:108E70001500F8E7034658B1426802F00302012AE0
:108E800003D0032A04D1026812B100209860704711
:108E90006FF0150070474268034602F00302032A90
:108EA0004FF00002816014BF104600685A6070479E
:108EB0007047036A1BB11B7900200B7070476FF07D
:108EC00057007047006A18B1D0E8AF0F00F00100FA
:108ED0007047036A3BB11B692BB11B6A1879B0FA62
:108EE00080F0400970470120704770B5056A04465C
:108EF0000E460DB103232B712046FFF7EAFF80B128
:108F000003212046B047002802DA10F1860F09D16C
:108F10002DB920463346BDE8704001211847012392
:108F20002B71002070BD38B5046A2568A90601D4EC
:108F3000002038BDE168D9B10139E1600029F7D1DD
:108F4000A3689847002803DAE3680133E360F0E799
:108F500001236A072371ECD52069036A1B68DB05CE
:108F600009D5FFF7E0FF236823F004032360E0E75F
:108F70006FF07700DDE76FF00A00DAE7D0E8AF0FB7
:108F8000084100F001007047FDF708BBFDF7D0BABB
:108F900070B50446006A90B10821FFF7EFFF014663
:108FA00070B1EFF31185202383F31288BFF36F8F25
:108FB0002046FFF7B8FF85F31188BFF36F8F70BDB0
:108FC0002046BDE870400022002300F0ECB82DE9F7
:108FD000F74F056A064625B90024204603B0BDE8D0
:108FE000F08F05212846FFF7C9FF02460028F3D07D
:108FF0000821306AFFF7C2FF044678B3EFF3118708
:10900000202383F31288BFF36F8F356AEB6803BBAD
:109010002B685A070DD4286958B1036A1B68DB0511
:1090200019D5FFF7D4FF041E0EDB2B6843F00403B1
:109030002B6001213046AB689847041E04DB0023F7
:109040002B71EB680133EB6087F31188BFF36F8FEF
:10905000C3E70024F5E76FF00A04F5E7F9F780F8B5
:109060000746F0B9EFF31181202383F31288BFF391
:109070006F8FEB6823B1287910B917460133EB6085
:1090800081F31188BFF36F8F002FA5D102F017F87D
:10909000421E67F1000305F11800FFF775FF041E7B
:1090A0007EDB02F00CF810B12B79022B13D02F6964
:1090B0002FB30221306AFFF761FF00BB3846FFF78C
:1090C00086FF044648B901212846FFF757FF70B1D3
:1090D0003846FFF75DFF6FF00A04F9F741F8002802
:1090E0007FF47BAF05F11800FFF750FF75E7D5E877
:1090F000EF3F43F00403C5E8E23F002AF7D1EB68F5
:109100000133EB602B79022B08D105F1380001F017
:10911000BFFF10F0010001D12871DEE7F9F720F858
:1091200040B94FF0FF384FF0FF3905F1280A2B798D
:10913000022B1AD0EB68012BCFD80121AB686869EC
:109140009847041E29DAEB68013BEB60002FC4D07E
:109150003846FFF71DFF336AD3E8EF1F21F0040103
:10916000C3E8E21F002AB8D0F6E70321504605F114
:10917000180B02F0A7F95846FFF708FF0022032159
:109180005046CDE9008902F0A1F94FF0FF324FF0CF
:10919000FF335846FFF7F8FEC9E700232B719CE721
:1091A0006FF00A0419E72DE9F047046A07468A467A
:1091B00020460521FFF7E2FE91469846064618B97B
:1091C00000252846BDE8F087EFF31182202383F3C2
:1091D0001288BFF36F8FE368012B8ABF03F1FF335F
:1091E0000026E36082F31188BFF36F8F002EE7D172
:1091F000F8F7B6FF18BB01F062FF421E66F10003EC
:1092000004F11800FFF7C0FE051E3DDB5646E3687B
:10921000002B36D0013BE36043B996B102234A46A6
:10922000237104F138004346FDF78AFBF8F798FFF5
:109230000028C6D104F11800FFF7A8FEC1E73546A3
:10924000E5E73146A36860699847051E03DAE368DD
:109250000133E360EAE7012323710221386AFFF753
:109260008DFE0028E2D03B6A1869FFF791FE3B6A49
:10927000D3E8EF1F21F00401C3E8E21F002AD5D094
:10928000F6E76FF07705D1E76FF00F0599E7F8B5CE
:109290000021044650F8303C50F8240C984705460D
:1092A000A4F120074FF0FF334FF0FF323846FFF7AD
:1092B0006BFE002DB7BF54F82C3C0123013344F85A
:1092C0002C3CB8BF002304F8343C0121A4F1100069
:1092D000994002F0F3F83846A4F13806FFF756FE3D
:1092E00085B902213046FFF749FE58B154F8280CE1
:1092F000FFF74EFED6E8EF3F23F00403C6E8E23F57
:10930000002AF7D1F8BD70B50446006A88B108217B
:10931000FFF734FE70B1EFF31185202383F3128839
:10932000BFF36F8F2046FFF7FEFD85F31188BFF373
:109330006F8F70BD2046BDE870400121FFF733BF3D
:10934000036A0BB1F8F714BF1846704702F02FBB41
:1093500002F020BB01460068F8F7C8BF08B5F8F76F
:10936000F5FFBDE80840F9F735BB00210120F8F70B
:10937000BDBFD0F89C3083F30B8870476FF0850039
:10938000704761B662B680F31188BFF36F8F704784
:1093900072B6002383F31188BFF36F8FBFF34F8F33
:1093A00030BF62B6BFF36F8F704772B6002383F38E
:1093B0001188BFF36F8FBFF34F8F20BF80F31188E9
:1093C000BFF36F8F62B6704740E800F313F4803F3D
:1093D000D8B208BF6FF01500704730B50C684B6805
:1093E00085B00A894D890094013B24F01F04234471
:1093F00002F01F0242EA451223F01F0369468DF86E
:1094000008200393F9F79EFB05B030BD08B5F9F7C6
:1094100079FD002008BD0069002104301047036970
:10942000986A00F007007047006911460430FFF7A2
:1094300097BC00690430FFF7DEBC10B50469114623
:1094400004342046FFF7FBFC10F1780F04D12046CE
:10945000BDE81040FFF7CFBC10BD1046FDF768B85F
:10946000EFF31182202383F31288BFF36F8F036819
:1094700003F0C00343F00203036082F31188BFF3DB
:109480006F8F7047F8B504694668EFF311872020A5
:1094900080F31288BFF36F8FA06A00F00705012DDB
:1094A0000CD10025A36287F31188BFF36F8F1DB91C
:1094B000C4E90812336898472846F8BD00F0C00098
:1094C00083420CBF6FF077054FF0FF35EBE7114695
:1094D0001A468023FFF7D6BF10B503460069EFF3A5
:1094E0001184202282F31288BFF36F8F826A12F0F8
:1094F000C00201D091420CD101228262002084F38B
:109500001188BFF36F8F18B95B685B6898470020BC
:1095100010BD4FF0FF30F2E78021FFF7DDBF70B5DF
:1095200004460D4650F8040C4021FFF7D5FF2B46AA
:1095300001462046BDE870401847002170B5036918
:1095400004461D6A196200692830FFF789FF35B1AA
:10955000236920465A6A2B46BDE87040184770BD03
:10956000F9F716BE08B5F9F7BFFEBDE8084001F0EF
:1095700035B9FBF77FBB436800205B68DB680B6095
:109580007047436802EA01005B6821EA0201586003
:10959000002099607047436800205B6859607047FD
:1095A000436800205B689960704743685B681A688D
:1095B00021EA02001140586000209960704730B5E0
:1095C0000369586800B30024884219D108688CB92F
:1095D0009C685860A14200D19860002008602AB1C0
:1095E0005A680A609A68596002B9996000200FE0D1
:1095F0002846E9E720609868814208BF9C60ECE754
:1096000005680446002DF3D1002AE9D16FF015005A
:1096100030BD00207047FBF7B5BD02780B69012A09
:1096200007D0022A08D052B9DA6403F13C00FCF7F3
:109630007FBF6FF00D02F7E76FF00A02F4E76FF0FB
:109640000402F1E738B504460569012205F12C0052
:10965000114601F047FC012205F13C00002101F018
:1096600041FC2046BDE83840FAF744B938B5054614
:1096700000692C30FCF792FF044610B92846FFF72A
:10968000A6FC204638BD10B50469FFF781FC04F143
:109690002C00BDE81040FCF74BBF2DE9F04F87B020
:1096A00004934368D0F810B0D3F820809B8A174603
:1096B00003934FF0FF324FF0FF3305460C46FFF7A0
:1096C000D5FF0BF13C0302930026002300220BF18F
:1096D0003C00FCF763FF3346BE4201D3002335E074
:1096E000207A01077BD40136BE4221680BD2820763
:1096F00009D4227D80EA020C0CF0010C02F0040275
:109700005CEA020C2BD0002B45D101F06042B2F193
:10971000005F43D14FF00009D4F800A0A388049A59
:10972000CBF850A0009228465246217A00F0B2F8B9
:10973000031E0BDB43F6095200230298FCF72EFFB1
:1097400070B3284600F063F86FF073032846029365
:10975000FFF799FF029B184607B0BDE8F08F4FF066
:1097600001096268DDF80CE003EB020CF44539D81E
:10977000C00705D408EB0300059302F00BF9059B25
:1097800062681A4493B2B9F1000F11D1002BC1D015
:109790009946C246C3E74FF00009E2E79946E0E781
:1097A000DBF84C30002B20DB237ADB0702D40023CC
:1097B0000C3491E7C245FAD1A24609E0A9EB0201B7
:1097C0001FFA81F9DAF80C0018FA81F102F0E2F8D8
:1097D000DAF80420AAF10C0A9145EFD2E7E76FF01E
:1097E0008503B3E76FF01B03B0E76FF00403ADE749
:1097F00013B501AA044600F002FA002805DB019B1C
:10980000226819791868FAF757FA02B010BD73B5D3
:1098100044680DF10701A36A1B68D3F80056D3F81A
:109820000466FFF746FB9DF8073013B9A06AFCF702
:10983000E7F831462846FCF715FB9DF8071005466A
:1098400029B9E069FFF7D4FFA06A01F0B2FA28460F
:1098500002B070BDCA07436819D4C1F3420102299E
:109860000BD003290ED0012911D14FF0CC729B6A85
:109870001B680020C3F8242570479B6A4FF0C8621C
:109880001B68F6E79B6A4FF07F621B68F1E76FF099
:1098900015007047F0B50C461D46164687B0476860
:1098A000122200210DF1060002F081F804F00103FC
:1098B0008DF80430BDF8303002958DF80530BB8C42
:1098C0000496AB420AD3C4F3400282F00102B86AA4
:1098D000520101A9FCF7ACF807B0F0BD6FF01B0016
:1098E000FAE710B544680021E069FFF781FFA06A3C
:1098F000BDE8104001F05DBA10B54468A06AFCF7FD
:109900007FF8E0690121BDE81040FFF771BF08B59D
:1099100029B1012906D1FFF7E4FF002008BDFFF7B8
:10992000EBFFFAE76FF08500F8E71346F0B4DA02D0
:109930008768066907D513F4402F1EBF43F3000262
:1099400002F440225340012534688D4023F48012F4
:10995000DB074CBF2C43AC4334603B68F0BC18477A
:10996000034637B500681C79836801A95B680569FF
:10997000984740B92B68019858400123A3401840EC
:10998000003818BF012003B030BD70B547F6122C67
:109990000C4651F8043C40F2E73000215B684FF47C
:1099A0007A721D680023E5FB0C01F7F7A1FD024662
:1099B0000B4604F11400BDE87040FCF7F9BF2DE937
:1099C000F0470D464468036929B1012934D06FF08E
:1099D0008500BDE8F0870122D3E8EF1FC3E8E02F40
:1099E0000028F9D14FF00C086368AB4201DC00207D
:1099F000EFE708FB05F7D4F80890637D09EB07064D
:109A00001BB1237D4BB90135EEE74FF40011304611
:109A1000F9F78CFF0028F4DADBE7022B14BF0023F0
:109A20003023F28859F80700317922EA0302FFF760
:109A30007CFF0028E7D0CCE70025E668D3E8EF2FCD
:109A4000C3E8E15F0029F9D10C274FF0480906F17E
:109A5000100863689D42CADA07FB05F3A268217DFE
:109A600002EB030A81B9637DD3B95046FFF778FF53
:109A700009FB05F34FF0E86108F803005046F9F7D9
:109A800055FF002820DAA4E7D058BAF806209AF843
:109A9000041042F48032FFF748FF0028E3D098E733
:109AA00047F6122E40F2E7300021D4F800C04FF400
:109AB0007A720023ECFB0E01F7F71AFD02460B4603
:109AC00006F11800FCF774FF0135C2E7F0B40C276B
:109AD00007FB021414F8046C46F0020604F8046C48
:109AE0008468A468A446F0BC604701F10C00FCF750
:109AF000B7BE30B589B08DF80410002144681D460A
:109B00002068A3888DF810100C998DF80520069117
:109B100001AA0721029202228DF81C1002A90392C9
:109B20000595FFF7D3FF09B030BD13B501240094AC
:109B3000FFF7DFFF02B010BD1FB58DF80120032233
:109B400044688DF802302068A388029202228DF8C2
:109B500000108DF80C2001A90122CDF804D0FFF7E8
:109B6000B5FF04B010BD00B589B08DF8052001AA7D
:109B700002928DF804100222002105930A9B40688E
:109B80008DF81010039206938DF81C20838802A98B
:109B90000068FFF79BFF09B05DF804FB2DE9F34770
:109BA00005460E4617469A469DF82890D0F8108034
:109BB0004FF0FF324FF0FF334046FCF7F7FB3A46D9
:109BC000314628460DF10703FFF7AFFF044678B989
:109BD0009DF807303A4623EA090309EA0A0943EAED
:109BE0000903314628468DF80730FFF7A5FF0446E4
:109BF0004046FCF74DFC204602B0BDE8F08730B58A
:109C000043681360057A446804EBC504A34202D399
:109C10006FF0010030BD5C7908338C42F1D1002037
:109C2000F8E708B5036A33B11A690B689A4202D1A2
:109C30000979F8F74FFA002008BD03460A46006884
:109C40001979012303FA01F103691B68194218BF4E
:109C500082F0010283680AB1DB6818471B69FCE7E0
:109C600048B11F302CBF01210021400940EAC160EA
:109C7000490901F0E9BA7047F8B5876806467C687B
:109C80009CB1436893F82630DB071DD405694FF07B
:109C9000FF334FF0FF322846FCF788FB6B69002B3F
:109CA00005DC00242846FCF7F3FB2046F8BD013B09
:109CB0006B61002BF5D17B6830469847041EBEBF10
:109CC0006B6901336B61EDE70024EEE7F0B4D0E996
:109CD00001631B693BB177688F4208DB35689542A9
:109CE00005DCF0BC18476FF05700F0BC70476FF010
:109CF0001500FAE7F0B4D0E901631B6A3BB137699C
:109D00008F4208DBF568954205DCF0BC18476FF020
:109D10005700F0BC70476FF01500FAE770B4D0E957
:109D20000162956A03460C46A5B196F8242012B943
:109D30002B4670BC1847306A024410F8011BA14240
:109D400002D121461846F3E79042F6D16FF0850024
:109D500070BC70476FF05700FAE72DE9F3410E46EB
:109D6000D0E9014794F825108046FF2905690FD1F5
:109D700094F8261001F00C01082914D0D8F8083006
:109D800000391B6B18BF01214BB96FF0570003E07E
:109D9000FFF7C4FF0028EBDA02B0BDE8F0814046CF
:109DA00098470028F8DBA268B2F1004F05D01146B1
:109DB0004046FFF78BFF0028EEDB6269B2F1004FEF
:109DC00005D011464046FFF795FF0028E4DB2368E5
:109DD000B3F1004F14D0D8F808305B69002BD4D011
:109DE000404601A998470028D6DB2268019B9A4289
:109DF0001CDD11464046FFF769FF002805DACBE776
:109E00006FF0004362689A42E5D19EB994F826301B
:109E10009B0716D040463B6898470028BCDBA069EA
:109E2000FFF71EFF6B6901336B610AE062689342C2
:109E3000EBDDDEE76B6901336B6194F82630DA06FF
:109E400001D40020A8E74046FFF716FFA4E74368C7
:109E500093F82D30032B94BF182000207047F8B5DD
:109E60000C46002601254768786830B90136052E72
:109E700007F10807F8D10020F8BD44FA06F23B7A52
:109E800002F0010205FA03F103691B68194218BFC9
:109E900082F00102836822B1DB6898470028E5D090
:109EA000EAE71B69F9E7406890F82D30032B13D8D7
:109EB000DFE803F002080B0F01231A460421806A31
:109EC000FFF73ABE01230322F8E701231A460821CF
:109ED000F5E701230322FAE70020704740680123D9
:109EE00002220B210068FFF727BE0B46114642688D
:109EF00092F82D20032A02D898B2FAF72BB86FF007
:109F00001500704713B51C46806A0DF10703FFF773
:109F10000CFE002808DB9DF8073000201C40003CA8
:109F200018BF0124049B1C7002B010BD10B4013294
:109F30000129D2B208BFD2009DF8044015BF42EA01
:109F4000831342EAC3134722B82214BFDBB2DBB249
:109F5000012C0CD0022C07D064B901920C220421F0
:109F6000806A10BCFFF71ABE01920E22F7E7019239
:109F70000D22F4E76FF0850010BC7047F7B501249F
:109F8000012A04FA01F405460E461346E4B204D051
:109F9000042A17D0C2B9052701E004270023009442
:109FA00015220421A86AFFF7F9FD00280EDB012322
:109FB000042107EB4602A86AD2B203B0BDE8F04024
:109FC000FFF7BABD2346E6E76FF0850003B0F0BDAA
:109FD00040680A4690F82D30032B0DD8DFE803F0D7
:109FE0000205070A0021FFF7C9BF0121FBE7002195
:109FF000F9F7EEBF0121FBE76FF08500704713B55D
:10A00000144601F10C02806A08210DF10703D2B257
:10A01000FFF78BFD002807DB21469DF8070002B003
:10A02000BDE81040F9F796BF02B010BD37B5054640
:10A030000C46104619460DF10602F9F79BFF10F188
:10A04000160F0BD0082104F10C029DF80630A86A07
:10A05000D2B203B0BDE83040FFF76EBD03B030BDF3
:10A0600073B505460C46164604210F22806A0DF191
:10A070000703FFF75AFD002812DB9DF80730042183
:10A080002341DB0745BF043464001034334658BF16
:10A090003346A86A4CBF04F0FE02E2B2FFF745FD6A
:10A0A00002B070BD30B5044685B010460D460DF1C6
:10A0B0000E0219466468F9F75DFF10F1160F21D002
:10A0C000294620460DF10D02FFF7CAFF002819DBD3
:10A0D000BDF80E309DF80D209A4213D02A1D520073
:10A0E0000421A06ADBB202F0FE02FFF725FD002882
:10A0F00008DB0123AB40DBB200930F220421A06AEE
:10A10000FFF74CFD05B030BD30B44468134694F8F9
:10A110002D20032A14D8DFE802F002070A100A46AD
:10A12000002130BCFFF7BEBF0A460121F9E70A460D
:10A130000021204630BCFFF779BF0A460121F8E72D
:10A140006FF0120030BC704713B5446894F82D309E
:10A15000032B2AD8DFE803F0020B0E26012300228E
:10A160000421A06A02B0BDE81040FFF7E5BC01235E
:10A170000222F5E7012300220821A06AFFF7DCFC98
:10A1800000280DDB94F83C3053B900213F2001F04A
:10A190005BF804220821A06A0DF10703FFF7C5FC54
:10A1A00002B010BD01230222E6E70020F8E72DE906
:10A1B000F0410126446804F12805606828B9083494
:10A1C000A542FAD10020BDE8F08100F027FEC8B119
:10A1D000B4F80AE06068217A4EF4003207691EF094
:10A1E000010F3B6806FA01FC14BF4CEA030323EAA3
:10A1F0000C03D0F808803B60D8F80030984700285E
:10A20000DDD0E0E76FF01200DDE713B540680C46E3
:10A2100090F82D30032B20D8DFE803F00211151C35
:10A2200000210DF10702FFF71BFF002817DB214675
:10A230009DF8070002B0BDE81040F9F78BBE012180
:10A240000DF10702EFE70A46002102B0BDE8104019
:10A25000FFF7D5BE0A460121F7E76FF0120002B002
:10A2600010BD37B513460A78FF2A29D0406890F808
:10A270002D40032C26D8DFE804F002090D1B0093C3
:10A280004B780021FFF752FE03B030BD00934B78AE
:10A290000121F7E74978C3B9013242EAC103052237
:10A2A000DBB20821806A03B0BDE83040FFF744BC50
:10A2B000497853B9013242EAC103DBB20622F0E722
:10A2C0000020E1E76FF01200DEE76FF08500DBE7CA
:10A2D000F0B54568044685B0A86A00F09FFD18B93E
:10A2E0006FF0120005B0F0BD606890F82D30032BC0
:10A2F000F6D8DFE803F0022429300DF10D030093B6
:10A30000042334220421FFF7FDFD0028EAD1204672
:10A310009DF80D10FFF721FD0028E3DB296BF9B94B
:10A3200095F83A30FF2B38D1606895F83B3090F8BB
:10A330002D20032AD4D8DFE802F04A7179810DF18B
:10A340000D0300934023DCE70DF10D03009303237D
:10A3500004220821D7E70DF10D0300930C23F7E742
:10A36000676897F82D6026B1012E02D06FF0850046
:10A37000B8E708460DF10E02F9F7FCFD10F1160FD3
:10A38000B0D07200093204219DF80E30B86AD2B202
:10A39000FFF7D2FB0028C3D0A4E7606890F82D2017
:10A3A000022A07D0032AE1D130221B01009203F0D8
:10A3B000F00304E00C229B00009203F0FC03072250
:10A3C0000821806AFFF7EAFB0028ADD08AE7042164
:10A3D00015229B00009103F0FC03806AFFF7DEFB6F
:10A3E00000287FF47FAF024605F134012046FFF7D5
:10A3F00038FF00287FF476AF0122204605F13601B0
:10A40000FFF72FFF00287FF46DAF0222204605F1F1
:10A41000380105B0BDE8F040FFF723BF0822DB009C
:10A4200000920421152203F0F803D6E740229B0195
:10A43000009203F0C00307220821CEE78022DB014F
:10A4400000921340F7E700207047F0B5B0F80AC05B
:10A450000489D0E90065ACEB0407B24205FB07674D
:10A4600001DBB94202DD6FF01500F0BDB14203DA45
:10A470001C806FF02100F8E7BA4202DDA3F800C0AB
:10A48000F7E715B91C800020EFE7891B6E1E3144E9
:10A49000B1FBF5F10C44A4B21C800389E41AD0E9A5
:10A4A000003101FB04339342EDD9DCE740F20113A4
:10A4B0002DE9F04188B04FF00308ADF810300123CA
:10A4C000456804698DF81230286800220521CDF80E
:10A4D000008004ABFFF747FB00285AD1202200235D
:10A4E00002A800F03DFFDDE90267342241462868FA
:10A4F00004F10803FFF719FB00284AD13622414630
:10A50000286804F10903FFF710FB002841D1072256
:10A510000221286804F10B03FFF707FB002838D15C
:10A5200002A832463B4600F040FFDDE9020100F0A0
:10A530008BFE0B23009310220521286805ABFFF743
:10A54000D8FA30BB9DF819309DF8152003EA0803AE
:10A5500043EA820323809DF819309DF81620C3F347
:10A56000810343EA8203A3809DF819309DF81720E8
:10A57000C3F3011343EA8203E3809DF81E309DF884
:10A580001C20C3F3011343EA820363809DF8143057
:10A59000A37208B0BDE8F08170B4048945892D1B11
:10A5A000D0E9004606FB0544A14209DD848AC58A3C
:10A5B0002D1BD0E9034606FB0544A14203DC0C3009
:10A5C00070BCFFF742BF6FF0150070BC7047436866
:10A5D0001B68D3F88004C3F880047047426813688E
:10A5E000D3F84C0150B10020926A12780A70C3F877
:10A5F0004C01D3F84C2101229A6270474FF0FF3092
:10A60000704738B542681468D4F83021CAB102697D
:10A61000EFF31185202383F31288BFF36F8F536804
:10A62000190706D523F00803536000220023FEF724
:10A630006AFE4FF48053C4F8083385F31188BFF3E2
:10A640006F8F38BD13B501AA0446FFF7D8FA00286A
:10A6500005DB019B226819791868F9F72DFB02B018
:10A6600010BD10B50446002201214FF48270F8F7A6
:10A6700035F94FF48270F8F70FF92046BDE8104025
:10A68000FAF780B810B5044600220121C620F8F779
:10A6900025F9C620F8F700F92046BDE81040FAF782
:10A6A00071B80129F8B50C4616D146680021F0684A
:10A6B0003568FFF7C7FF0823C5F80035337A4BB973
:10A6C000B26AC5F80427C5F80847C5F84C31D5F873
:10A6D0004C31AC620020F8BD81BB46683468D4F8C8
:10A6E0005031B3B10123E362D4F82431002BFBD005
:10A6F0000023C4F85031D4F85021C4F82431D4F8E0
:10A700002421C4F84C31D4F84C21C4F81431D4F8C5
:10A7100014314FF47A7543681F68D7F8303123B984
:10A72000012000F026F8013DF7D10023C4F80035E0
:10A73000F0680121BDE8F840FFF784BF6FF08500A5
:10A74000C9E708B50220F8F703FE002008BD08B5E8
:10A75000FDF7BEF848B1002383F31188BFF36F8F74
:10A760000423184602DF6FF0040008BD03460020F2
:10A77000184700F032BB024610B5116891B1B1FA2A
:10A7800081F3C3F11F000123834021EA0303D2E8D0
:10A79000EF4F8C4204D1C2E8EC3FBCF1000FF6D180
:10A7A000EBD110BD6FF00B00FBE710B50368CB4099
:10A7B000DB0710D401238B40026843EA0201D0E892
:10A7C000EF4F944204D1C0E8EC1FBCF1000FF6D16A
:10A7D000F2D1002010BD6FF01500FBE7FAF71CBAAC
:10A7E000FAF7E0BAF7B51646DDE90847019001A887
:10A7F0001D46FAF77DFB019BB6F1000C18BF4FF028
:10A80000010C00EB83000B1E18BF0123002D43EA4F
:10A810004C030CBF4FF0000C4FF00C0C002C43EA23
:10A820000C030CBF4FF0000C4FF4706C002F43EA88
:10A830000C030CBF4FF0000C4FF4403CD0F88020CC
:10A8400043EA0C0322EA030301B109780EB136781A
:10A85000760019430DB12D78AD0031430CB1247849
:10A86000240229430FB13F783F040C433C43C0F816
:10A87000804003B0F0BD1FB50DF10F03019300231D
:10A880008DF80F101A4619460093FFF7ABFF05B07D
:10A890005DF804FB10B504460846FAF739FB04EBF3
:10A8A0004004207DC0F3401010BD10B5044608469A
:10A8B000FAF72EFB04EB4004207DC0F3400010BDEE
:10A8C00010B504460846FAF723FB04EB4004A08ABF
:10A8D000400B10BD70B5044608461646FAF718FB43
:10A8E000083034F810300D46DA0509D5C3F3432398
:10A8F00004EBC3023146284654F833305268984777
:10A90000A3682BB131462846E268BDE8704018477D
:10A9100070BD10B504460846FAF7FAFA04EB400099
:10A92000838ADA051DD5C3F3432123F4F8538382C8
:10A9300004F1120204F1580032F8023F13F4807F50
:10A9400003D0C3F3432399420BD08242F4D10022B7
:10A9500004EBC1035A6004F16000BDE81040FFF74A
:10A9600024BF10BDF0B504460020012705468446EB
:10A9700095420AD1D4F8443133B10023C4F84431AC
:10A98000D4F8443140F40030F0BDEBB29B0003F545
:10A9900080769B0807FA03F3194208D054F806E0C2
:10A9A000BEF1000F03D044F806C0A6591843013584
:10A9B000DEE738B504460D46FFF76CFFA8B1204628
:10A9C000FFF773FF88B92046FFF77AFF012322685B
:10A9D0008340C2F81833236803EB8000D0F81035A9
:10A9E00023F00303C0F8103538BD2846BDE83840D1
:10A9F0000021FFF740BF2DE9F0431746044685B01C
:10AA00000846FAF785FAD7F800800E460546B8F1F1
:10AA1000000F1ED02046FFF748FF18B12046FFF771
:10AA200039FF20BB00230DF10F02CDE900338DF873
:10AA30000E308DF80F30304643460DF10E01FFF712
:10AA4000D1FE04EB4502938A23F0020343F0010395
:10AA500093827B689BB33146204693F80080D3F8FD
:10AA60000490FFF722FF28B1B9F1000F1FD06FF05B
:10AA7000150027E004EB4500838A23F4604323F0AC
:10AA800020038382B9F1000F11D0B8F1030FEED883
:10AA90007B6821685B6893F800C04FEA8C03194417
:10AAA000B8F1000F11D1C1F81085C1F8108504EB81
:10AAB0004502938A23F01C0343EA88039382BB6810
:10AAC0004BBB002005B0BDE8F083D1F8102522F083
:10AAD0000302C1F8102522681344D3F8102522F48C
:10AAE000473222F47C72C3F8102541F6F072D3F895
:10AAF000101502EA061242EA08420A43C3F810257A
:10AB000004EB4C03A3F86460838A43EA4C3343F0BC
:10AB100020038382CBE73146D3E900782046FFF754
:10AB2000F8FE002FCDD063689F4206D004F160008C
:10AB3000FFF721FE002804DAC4E7A3689845F5D1A1
:10AB4000002004EBC003C3E9017804EB4505AB8AA0
:10AB5000C0B243EA402343F48073AB82B1E7C0E95B
:10AB60000312704770B504461546FFF793FE48B1CF
:10AB70000846FAF7CDF904EB40040020A38A5B0BEA
:10AB80002B7070BD6FF01500FBE790F87400003873
:10AB900018BF01207047FAF7F1B92DE9F3410446D7
:10ABA0001746FFF777FE0D462668F0B12046FFF7FF
:10ABB0007CFE8046C8B92046FFF782FE820002F57F
:10ABC000807346F80380F35823681344D3F81025A4
:10ABD00042F00102C3F8102527B101232268834007
:10ABE000C2F8143302B0BDE8F081D6F81433284619
:10ABF0009B035CBF4FF40033C6F81433FAF788F9AF
:10AC000004EB4004A38AC3F38203042B11D0052B69
:10AC100011D001A80195FAF76BF9019BC168D940E1
:10AC200001F001010231284602B0BDE8F041FFF712
:10AC300022BE0321F7E70221F5E7FFF7BABE70B5A0
:10AC4000154604464618A64206D929462046FAF774
:10AC5000A9FD10B92B780BB9002070BD0134F2E7C3
:10AC6000C9B2FAF78FBE91F820200346032A29D8EB
:10AC7000DFE802F0212519028A68500504D5D3F8CF
:10AC800044270869904207D18A6852051AD4D3F83C
:10AC900044278969914215D000200622C3F8000597
:10ACA000C3F800257047D3F8442708699042F3D1D0
:10ACB000D3F80C27EDE7D3F844270969EAE7D3F87E
:10ACC0000C27FAE70120704730B501249508403D74
:10ACD000AC400C4208D0815831B1002181508258DB
:10ACE00013B11A6822431A6030BD002313B50C4615
:10ACF00001934FF4947201ABFFF7E6FF21464FF446
:10AD00008272FFF7E1FF21464FF48A72FFF7DCFF02
:10AD100021464FF4B672FFF7D7FF21464FF4A872D1
:10AD2000FFF7D2FF21464FF49C72FFF7CDFF4FF49F
:10AD30009A722146FFF7C8FF019802B010BD10B407
:10AD4000CC7B8A6803682CB9D1E90041C3F800467E
:10AD5000C3F80416C3F8242543682BB1006810BC5F
:10AD6000C0F30830F7F798BD10BC704738B50D46F2
:10AD700090F826100446C9B9C160C0E9012380F8E3
:10AD8000291080F8281065B1AB7B80F82B3028465D
:10AD9000FAF704FE6B7B2946204684F82A30FFF739
:10ADA000CEFF0123002084F8263038BD6FF07700F5
:10ADB000FBE706220368C3F80025022380F826304B
:10ADC000704707B5019001A8FBF73CF80123019AF1
:10ADD0009340436003B05DF804FB08B1F8F70CB989
:10ADE000704738B5436905465BB90024EA68537873
:10ADF00043F00103537014B92846FEF7A1FA6042EC
:10AE000038BD98470028F0D080EAE074A4EBE074E5
:10AE1000FF2CA8BFFF24EB681C70E7E740B1C368B4
:10AE2000587810F001001EBF1878B0FA80F0400981
:10AE3000704770B4C0690D461346C0B10446002285
:10AE400034F9021B11F5004FFAD10132022AF7D171
:10AE50002046002147F6FF7634F91120B24200D097
:10AE60001AB92A4670BCFBF767B80131F4E701460E
:10AE7000F7E7EFF31183202383F31288BFF36F8F7B
:10AE8000FEE708B5FFF7F5FF10B52024EFF31183B7
:10AE900084F31288BFF36F8FFEF77AFAF6E7D0E9F2
:10AEA000003213605A600023027CC0E9003322F0B4
:10AEB000020202748360704713B501240094FBF70B
:10AEC000ABF902B010BD90F90E308B4201D0FCF707
:10AED0006DB80020704703460020C3E90033C3E982
:10AEE000020070473AB18A4205D3C0E90212C0E9B4
:10AEF0000000002070476FF01500704701230268C2
:10AF00008B4022EA0303036022FA01F000F0010003
:10AF10007047F8B504460E460C300321FFF7EEFFEC
:10AF2000054630B1202710342046FCF787FA0B3055
:10AF300001D02846F8BD336883F31188BFF36F8FC3
:10AF4000EFF3118387F31288BFF36F8F3360EBE762
:10AF500070B5C3680446C3F340069B0716D48568E2
:10AF600002210C30FFF7CAFF80B1D5F8BC206AB1CE
:10AF700094421DD122689EB9D5F8C030C5F8BC20D6
:10AF80009C4201D1C5F8C02000232360E36813F080
:10AF90001F001EBF43F00203E36040F0020070BDDB
:10AFA0003260D5F8C020944208BFC5F8C060EBE716
:10AFB00016461268DBE738B5E0B150F8C44F84425A
:10AFC00018D0BCB1D4E90032002513605A60237C4C
:10AFD000C4E9005523F002032374A56004F11800AE
:10AFE000FCF72CFAC4F8B45065612046BDE838403F
:10AFF00000F0D3B838BD73B50446EFF311852023B4
:10B0000083F31288BFF36F8F0023A0F11006032192
:10B0100004380193FFF772FF28B1A369304601A9F4
:10B020000193FBF7CBFB85F31188BFF36F8F02B061
:10B0300070BD13B501900846EFF31184202383F30C
:10B040001288BFF36F8F01A9FBF7B8FB84F3118857
:10B05000BFF36F8F02B010BD10B5FFF7EAFF041EFB
:10B0600008DDEFF31180202383F31288BFF36F8F85
:10B07000FCF708F8204610BD38B530220D460021F7
:10B08000044600F094FC4FF480736560E36038BDC3
:10B0900037B50446EFF31183202282F31288BFF301
:10B0A0006F8F01A90193FFF734FF2046019DFFF741
:10B0B0004FFF85F31188BFF36F8F03B030BDEFF3FF
:10B0C0000580003818BF0120704738B58589EFF337
:10B0D0001181202282F31288BFF36F8F037C13F05B
:10B0E000080404D081F31188BFF36F8F38BD0122AB
:10B0F000FBF72AFEEB07F9D584F31188BFF36F8FB6
:10B100000423184602DFF1E7FBF7E2BED0E9003284
:10B1100013605A600023C0E90033704708B5FFF799
:10B12000F5FF037C23F0020303740023836008BD52
:10B1300038B504460D46FBF753FD237C43F002036C
:10B140002374D5B1A5602B689D4209D16B68C4E911
:10B1500000531C606C6010E06A689A42F6D01B686D
:10B16000002BF3D093F90E1094F90E209142F3DDE9
:10B170005A68C4E9003214605C6038BD10B5EFF362
:10B180001184202383F31288BFF36F8FFBF752FDE6
:10B1900084F31188BFF36F8F10BDFBF74BBDFBF736
:10B1A0001FBD08B5EFF31181202282F31288BFF38F
:10B1B0006F8F83680BB1FFF7B1FF81F31188BFF385
:10B1C0006F8F08BD08B5037C014613F0280F0CD122
:10B1D00083680BB1FFF7A2FF0B7C084623F0040342
:10B1E0000B74BDE80840FBF725BD08BD38B5044623
:10B1F000EFF31185202383F31288BFF36F8FFCF7E1
:10B200005FF918B9A4F11800FFF7DCFF85F3118886
:10B21000BFF36F8F38BD08B50346EFF311812022CD
:10B2200082F31288BFF36F8F0068834207D008B1A2
:10B23000FFF774FF81F31188BFF36F8F08BD002003
:10B24000F8E70846FBF736BD70B506460D46FBF736
:10B250002DFFB5F1FF3F08BFB6F1FF3F04460CD00C
:10B2600047F6112000214FF47A7547F61222002389
:10B27000E4FB0501F6F73CF970BD4FF0FF30FBE74A
:10B2800008B5C3171F3043F10003400940EAC3600B
:10B29000C117FBF70BFF400108BD2DE9F04706463B
:10B2A0000F4691469A46EFF31188202383F31288C4
:10B2B000BFF36F8F0068864206D028B1736898424A
:10B2C0000CBF0025056868B90024B9F1000F02D051
:10B2D00051462046C84788F31188BFF36F8F204638
:10B2E000BDE8F0875146B84704460028EDD135B196
:10B2F0007368AB4200D02C6828462546E3E72C460D
:10B30000FAE708B5FBF758FFBDE80840FBF784BF34
:10B3100008B50246FBF7F2FF6FF00041B8B18A4270
:10B3200013D2D0E90230B0F1FF3F08BFB3F1FF3FC5
:10B3300003D08B4270F1000003DB6FF00040801AF5
:10B3400008BD9A4201D2981AFAE70020F8E78A422B
:10B35000F3D3F5E708B5FCF73DF908BDFCF73AB9BA
:10B36000B3F1FF3F08BFB2F1FF3F70B506461D467F
:10B37000144614D01A4316D0002B08DBFCF72AF928
:10B38000041941EB0501C6E90041304670BD6FF07C
:10B3900001031C1B4FF0FF3363EB0501F3E74FF094
:10B3A000FF342146EFE70024FBE7B3F1FF3F08BF7E
:10B3B000B2F1FF3FF8B5074616461C4610D054EAD6
:10B3C000020311D0FCF706F9B0420A46A141034638
:10B3D0000AD2F31A64EB0204C7E900343846F8BD18
:10B3E0004FF0FF331C46F7E70023FBE72DE9F34757
:10B3F0000446DDE90A9815460E4659B302F0010AE3
:10B40000FBF7C2FE0746EFF31181202383F3128876
:10B41000BFF36F8FA80744BF0023A360A36803EAAC
:10B420000600BAF1000F0CD086420CD16A0744BF67
:10B430008343A36081F31188BFF36F8F02B0BDE82F
:10B44000F0870028F2D159EA080305D181F3118869
:10B45000BFF36F8F0020F1E7C7E918652246CDE9F9
:10B46000009804F10C00FBF775FD0028F2D1386E4E
:10B47000E4E710B50B680446D0E9180212F0010F9A
:10B4800003EA000301D0984211D183B12366520729
:10B4900048BF4A6804F1180044BF1A434A60FBF7EA
:10B4A000CDFF00232046C4F8B430FFF78BFE002008
:10B4B00010BD0023C0E90000836070474FF0FF32E9
:10B4C000FCF76EB90A460021FCF76AB95200FFF793
:10B4D0008DBF10B400F10C04C0E9034410BCFDF7AB
:10B4E00070BB10B5836A04461BB101212430FCF700
:10B4F00089FA0020A06210BD38B50446FFF7F1FFBD
:10B50000237F012B0FD0023B012B0FD8236A012B85
:10B5100014BF6FF0960500252C220021204600F074
:10B5200046FA284638BD236A002BF1E76FF09605EE
:10B53000F2E7FCF7C9BA7047002070470020704757
:10B540004FF0FF324FF0FF33FAF730BFFAF7A0BFEA
:10B550000A2842DCC31C1FDA10F1400F45D010F15D
:10B560003F0F2BDA10F1410F42D010F1550F42D0AE
:10B5700010F1490F14BF6FF086006FF08400704720
:10B5800009282DD8DFE800F0052C2C2F172C372C9C
:10B590002C3A6FF09800704703300D2820D8DFE870
:10B5A00000F00A331F221F1F1F1F1F1F071F1F0727
:10B5B0006FF0940070476FF08500704710F1210F15
:10B5C0001FD00DDB10F1200F1ED010F1100F14BF93
:10B5D0006FF086006FF09400704764380928CFD967
:10B5E0006FF086007047002070476FF0840070474E
:10B5F0006FF0890070476FF0930070476FF08C0018
:10B6000070476FF0880070476FF09200704710B578
:10B6100001380A44914200D110BD10F8013F11F8E1
:10B62000014B63400370F5E70144814200D170474C
:10B6300011F8013D1A440A70120AF6E730B589B0D4
:10B64000182205460C4601A8002100F0B0F901209F
:10B6500044EA0524002107940590FFF701FBBA2175
:10B6600001A8FAF7D7F8002104460846FFF7F8FAD0
:10B67000002C0CBF20466FF0920009B030BD10B511
:10B68000044600210120FFF7EBFA01212046FAF7DA
:10B6900005F9002104460846FFF7E2FA204610BDEE
:10B6A000F7B5BA2001A9FAF71DF9044610B1002038
:10B6B00003B0F0BD019D2F0AEDB2AC4205D1BA2016
:10B6C000FFF7DDFF0028F2D00EE0E6193046FFF765
:10B6D000D6FF60B1012130460DF10302FFF7AFFA4A
:10B6E00010B99DF8033013B96FF09200E0E7013410
:10B6F000E3E707B50221F8200DF10702FFF79FFAF3
:10B700009DF8073003B920B16FF0920003B05DF8E7
:10B7100004FB0221F820FAF79DF80028F6D0F3E7A1
:10B720000368D868C0F300407047036803F580538E
:10B73000586A00F4A020003818BF01207047022288
:10B7400003689A6070470368D868FCF7B3BC024688
:10B7500008B51046FFF7E4FF0028FAD1BDE808401D
:10B760001046FFF7F0BF03685A5070470369986EA0
:10B77000704710B50446FFF7F9FFC2684AB142F4BA
:10B7800020222046BDE81040002142F40062FFF76D
:10B79000EABF10BD70B506460D461446FFF7E6FF3A
:10B7A000013D026844EA0524304622430421BDE8F5
:10B7B0007040FFF7D8BF10B50446FFF7DAFFBFF3BC
:10B7C0005F8F03222046BDE810400821FFF7CBBF62
:10B7D000C0F30B03482B4B6028BF482310F4003FF5
:10B7E0008B6008BF0023CB6010F4803308BFC1E931
:10B7F000013300F47003B3F5700F14BF00238B689E
:10B8000000284FF0010C4FF008028B60B8BF0023F6
:10B81000C1E905C2B8BFC1E905337047F7B50646AF
:10B820000D4659B36FF05103202D2F4628BF202716
:10B83000523316D03A4631466846FCF785FE10F181
:10B84000520F04460AD0431CF4D0ED1B3E4410D1E5
:10B85000684600F061F8204603B0F0BD684600F08D
:10B860005BF800216846FCF71DFE04460028E1D085
:10B87000F1E74FF0FF33002CD6D0E9E70C46EAE7BA
:10B8800038B5BFF35F8F4FF0A344E569BFF35F8F17
:10B89000BFF35F8F10236363BFF35F8F012000F05E
:10B8A00060F8BFF35F8F00236363BFF35F8FBFF365
:10B8B0005F8FE36BBFF35F8F5B06F8D425B1BFF3F7
:10B8C0005F8FE561BFF35F8F38BD08B5FCF72CFBD8
:10B8D00030B9BFF35F8F4FF0A343986ABFF35F8F18
:10B8E000BFF35F8F4FF0A342D36BBFF35F8F10F0B6
:10B8F000240F03F0230304D0FFF7C2FF6FF01F00F3
:10B9000008BD4FF0FF30002BFAD1BFF35F8F1063FB
:10B91000BFF35F8F1846F3E710B5037804461BB1F9
:10B92000FCF79CF800232370002010BD4FF0FF327D
:10B930004FF0FF33FAF73ABDFAF7AABDFFF7B9BDEA
:10B9400007B54FF0FF334FF0FF32CDE9002300225F
:10B95000FFF7BCFD03B05DF804FBFFF7B3BDFFF7D5
:10B96000ADBDFFF78DBC10B58B4294BFC418441811
:10B97000A04200D110BD00F8012BF9E700231A46C0
:10B9800082B001908B4201D102B070470198C2543D
:10B990000133F7E70A44431E914200D1704710B5C6
:10B9A00011F8014B914203F8014FF9D110BD024447
:10B9B0000346934200D1704703F8011BF9E70139B0
:10B9C000034610B532B111F8014F013A03F8014BAB
:10B9D000002CF7D11A440021934200D110BD03F886
:10B9E000011BF9E70246014410B58A42134603D011
:10B9F0001C780132002CF8D1181A10BDF0B5C3F133
:10BA00003707044603F01F031046FFB2082BE6B2C7
:10BA100032D0102B3DD06508A40845EAC17544EA30
:10BA200081748A082D1942EB5102290941EA0271F9
:10BA30006D1842EB1212290A41EA02616D1842EBBD
:10BA40001222290C41EA02416D1842EB1242AD1854
:10BA500042F10002EC0844EA4274D10804EB84028B
:10BA6000A6EB4205EDB2092D0CD90134A5F10A056A
:10BA700041F10001EDB212E0E40806F0070544EAE6
:10BA80004174C908303554EA010200F8015BBDD1A8
:10BA9000F0BD240906F00F0544EA01740909092DD7
:10BAA00084BFED19EDB2EDE718B100204FF0004171
:10BAB000704700200021704720F00040B0F1FF4F98
:08BAC00094BF00200120704733
:08BAC8005C5AFF7F0100000041
:10BAD000512F00000000000031490000000000006C
:10BAE00000000000C0BB000000000000E4BB00003C
:10BAF0000000000008BC0000ED770000000000001E
:10BB00000000000050BC0000000000002CBC000041
:10BB10000000000074BC000000000000BCBC00007D
:10BB20000000000098BC0000C934000000000000C4
:10BB300043A70000000000002D2F000000000000BF
:10BB40005D3800000000000000000000E0BC0000C4
:10BB50004FA70000000000000000000004BD00002E
:10BB60000000000028BD00000000000094BD00009F
:10BB70000000000070BD0000000000004CBD00008F
:10BB800000000000B8BD000000000000DCBD0000A7
:10BB90000000000000BE00000000000024BE000005
:10BBA0000000000048BE0000458C000000000000BE
:10BBB0004D220000000000009D1D0000000000005C
:10BBC00072D300000000000064C80000500600208E
:10BBD0000000000047A4000000000000B8C70000FB
:10BBE0000000000013D30000C4C9000034C80000E6
:10BBF00036060020580C002005330000000000002D
:10BC0000B2C700000000000019D30000CCC900003A
:10BC100034C8000038060020840C00202D340000B9
:10BC200000000000ACC70000000000001CD30000B2
:10BC3000E0C90000C0C700003A060020B40C002094
:10BC40002D35000000000000A4C700000001002006
:10BC500022D30000F4C90000C0C700003C06002049
:10BC6000C00C00202D3500000000000098C7000027
:10BC70006801002028D3000008CA0000C0C70000E7
:10BC80003E060020CC0C00202D35000000000000F6
:10BC900090C70000D001002096D3000024CC000003
:10BCA000B4C8000056060020E00D002063A6000086
:10BCB0000000000088C7000008030020A2D3000095
:10BCC0008CCC0000B4C8000058060020E80D00200D
:10BCD00085A600000000000082C70000700300205D
:10BCE0002ED3000090050020E4C70000400600208D
:10BCF000D80C002045960000000000007AC7000024
:10BD00007C05002040D3000090CA00000000000025
:10BD100044060020300D0020B93A00000000000069
:10BD20006EC700000000000067D3000080CB000059
:10BD30006CC800004E06002000000000AFA100000B
:10BD40000000000060C700000000000056D30000A3
:10BD5000C0CA000074C80000480600206C0D002016
:10BD6000D1A200000000000058C700000000000041
:10BD70005BD3000000CB000074C800004A0600201E
:10BD8000840D0020D1A200000000000050C7000078
:10BD90000000000061D3000040CB000074C8000028
:10BDA0004C0600209C0D0020D1A2000000000000E5
:10BDB00048C700000000000038D3000060CA00003F
:10BDC00000000000420600202C0D0020C5390000B4
:10BDD000000000003EC700003802002083D30000AE
:10BDE0000000000018C8000052060020B40D00201A
:10BDF000494100000000000038C7000000000000BA
:10BE00008ED30000ACCB0000FCC70000540600201D
:10BE1000BE110020DD4200000000000030C700001D
:10BE2000000000004BD30000B0CA0000000000007A
:10BE30004606002070080020493E00000000000077
:10BE400026C70000A002002017CE0000000000005E
:10BE50000000000034060020000000005B8B0000A2
:0CBE60000000000018C700006000002077
:10BE6C00000000006B930000000000006B930000CA
:10BE7C00000000006B930000000000006B930000BA
:10BE8C00000000006B930000000000006B930000AA
:10BE9C00000000006B930000000000006B9300009A
:10BEAC00000000006B930000000000006B9300008A
:10BEBC00000000006B930000000000006B9300007A
:10BECC00000000006B930000000000006B9300006A
:10BEDC00000000006B930000000000006B9300005A
:10BEEC00000000006B930000000000006B9300004A
:10BEFC00000000006B930000000000006B9300003A
:10BF0C00000000006B930000000000006B93000029
:10BF1C00000000006B930000000000006B93000019
:10BF2C00000000006B930000000000006B93000009
:10BF3C00000000006B930000000000006B930000F9
:10BF4C00000000006B930000000000006B930000E9
:10BF5C00000000006B930000000000006B930000D9
:10BF6C00000000006B930000000000006B930000C9
:10BF7C00000000006B930000000000006B930000B9
:10BF8C00000000006B930000000000006B930000A9
:10BF9C00000000006B930000000000006B93000099
:10BFAC00000000006B930000000000006B93000089
:10BFBC00000000006B930000000000006B93000079
:10BFCC00000000006B930000000000006B93000069
:10BFDC00000000006B930000000000006B93000059
:10BFEC00000000006B930000000000006B93000049
:10BFFC00000000006B930000000000006B93000039
:10C00C00000000006B930000000000006B93000028
:10C01C00000000006B930000000000006B93000018
:10C02C00000000006B930000000000006B93000008
:10C03C00000000006B930000000000006B930000F8
:10C04C00000000006B930000000000006B930000E8
:10C05C00000000006B930000000000006B930000D8
:10C06C00000000006B930000000000006B930000C8
:10C07C00000000006B930000000000006B930000B8
:10C08C00000000006B930000000000006B930000A8
:10C09C00000000006B930000000000006B93000098
:10C0AC0000000000997E0000000000006B9300006F
:10C0BC00000000006B930000000000006B93000078
:10C0CC00000000006B930000000000006B93000068
:10C0DC00000000006B930000000000006B93000058
:10C0EC00000000006B930000000000006B93000048
:10C0FC00000000006B930000000000006B93000038
:10C10C00000000006B930000000000006B93000027
:10C11C00000000006B930000000000006B93000017
:10C12C00000000006B930000000000006B93000007
:10C13C00000000006B930000000000006B930000F7
:10C14C00000000006B930000000000006B930000E7
:10C15C00000000006B930000000000006B930000D7
:10C16C00000000006B930000000000006B930000C7
:10C17C00000000006B930000000000006B930000B7
:10C18C00000000006B930000000000006B930000A7
:10C19C00000000006B930000000000006B93000097
:10C1AC00000000006B930000000000006B93000087
:10C1BC00000000006B930000000000006B93000077
:10C1CC00000000006B930000000000006B93000067
:10C1DC00000000006B930000000000006B93000057
:10C1EC00000000006B930000000000006B93000047
:10C1FC00000000006B930000000000006B93000037
:10C20C00000000006B930000000000006B93000026
:10C21C00000000006B930000000000006B93000016
:10C22C00000000006B930000000000006B93000006
:10C23C00000000006B930000000000006B930000F6
:10C24C00000000006B930000000000006B930000E6
:10C25C00000000006B930000000000006B930000D6
:10C26C00000000006B930000000000006B930000C6
:10C27C00000000006B930000000000006B930000B6
:10C28C00000000006B930000000000006B930000A6
:10C29C00000000006B930000000000006B93000096
:10C2AC00000000006B930000000000006B93000086
:10C2BC00000000006B930000000000006B93000076
:10C2CC00000000006B930000000000006B93000066
:10C2DC00000000006B930000000000006B93000056
:10C2EC00000000006B930000000000006B93000046
:10C2FC00000000006B930000000000006B93000036
:10C30C00000000006B930000000000006B93000025
:10C31C00000000006B930000000000006B93000015
:10C32C00000000006B930000000000006B93000005
:10C33C00000000006B930000000000006B930000F5
:10C34C00000000006B930000000000006B930000E5
:10C35C00000000006B930000000000006B930000D5
:10C36C00000000006B930000000000006B930000C5
:10C37C00000000006B930000000000006B930000B5
:10C38C00000000006B930000000000006B930000A5
:10C39C00000000006B930000000000006B93000095
:10C3AC00000000006B930000000000006B93000085
:10C3BC00000000006B930000000000006B93000075
:10C3CC00000000006B930000000000006B93000065
:10C3DC00000000006B930000000000006B93000055
:10C3EC00000000006B930000000000006B93000045
:10C3FC00000000006B930000000000006B93000035
:10C40C00000000006B930000000000006B93000024
:10C41C00000000006B930000000000006B93000014
:10C42C00000000006B930000000000006B93000004
:10C43C00000000006B930000000000006B930000F4
:10C44C00000000006B930000000000006B930000E4
:10C45C00000000006B930000000000006B930000D4
:10C46C00000000006B930000000000006B930000C4
:10C47C00000000006B930000000000006B930000B4
:10C48C00000000006B930000000000006B930000A4
:10C49C00BCBC000003A60000D80C0020E55C00002A
:10C4AC00000000006B930000000000006B93000084
:10C4BC00000000006B930000000000006B93000074
:10C4CC00000000006B930000000000006B93000064
:10C4DC00000000006B930000000000006B93000054
:10C4EC00000000006B930000000000006B93000044
:10C4FC00000000006B930000000000006B93000034
:10C50C00000000006B930000000000006B93000023
:10C51C00000000006B930000DCBD0000B140000087
:10C52C00000000006B930000000000006B93000003
:10C53C00000000006B930000F4040020179600002C
:10C54C00000000006B930000000000006B930000E3
:10C55C00000000006B930000000000006B930000D3
:10C56C00000000006B930000000000006B930000C3
:10C57C00000000006B930000000000006B930000B3
:10C58C00595600006DA70000000000006B930000DE
:10C59C00000000006B930000000000006B93000093
:10C5AC00000000006B930000000000006B93000083
:10C5BC00000000006B930000000000006B93000073
:10C5CC00000000006B930000000000006B93000063
:10C5DC00000000006B930000000000006B93000053
:10C5EC00000000006B930000000000006B93000043
:10C5FC00000000006B930000000000006B93000033
:10C60C00000000006B930000000000006B93000022
:10C61C00000000006B930000000000006B93000012
:10C62C00000000006B930000000000006B93000002
:10C63C00000000006B930000000000006B930000F2
:10C64C00000000006B930000000000006B930000E2
:10C65C00000000006B930000000000006B930000D2
:10C66C00000000006B930000000000006B930000C2
:10C67C00000000006B930000000000006B930000B2
:10C68C0098BC000003A60000CD3000006DA7000090
:10C69C00000000006B930000000000006B93000092
:10C6AC00000000006B930000000000006B93000082
:10C6BC00000000006B930000000000006B93000072
:10C6CC00000000006B9300007C0400201796000013
:08C6DC00000000006B93000058
:04C6E400E965000004
:10C6E80028070020D8120020000400001D30000098
:10C6F8000000000000000000000000000E00000024
:10C70800000000000DD30000000000000000000041
:10C71800050006000700120000800080FF7F05006A
:10C72800008000801300FF7F0A0000800080FF7FE8
:10C7380000800080FF7F0400050000800080FF7FEC
:10C748000B0000800080FF7F0B0000800080FF7FCF
:10C758000B0000800080FF7F0A00008000800E0030
:10C768000D000C00FF7F09000080008011000B0005
:10C77800FF7F008000800A00FF7F00800080FF7F2D
:10C78800008000801300FF7F008000801300FF7F7F
:10C79800008000800F0012001300FF7F00800080DF
:10C7A8000F00FF7F00800080FF7F00800080FF7FF8
:06C7B80000800080FF7FFD
:10C7C000853500007795000083950000979500005F
:10C7D000A1950000AB95000059370000BF950000FF
:10C7E0000000000055980000000000009B9600002B
:10C7F00000000000000000000F98000061420000EF
:10C800008941000000000000ADA40000B545000013
:10C810000000000000000000000000000000000018
:10C8200000000000C940000085400000000000003A
:10C83000000000001131000019950000CF940000A5
:10C84000000000001F940000000000000000000035
:10C8500029940000339400003B9400000000000085
:10C860000000000000000000000000005F9E0000CB
:10C87000DD9E000049A10000A79E00004F9E000021
:10C88000EB9E000009A100000BA2000000000000C8
:10C89000000000000000000000000000D19F000028
:10C8A0000000000000000000000000000000000088
:10C8B00000000000DDA5000001480000CFA5000039
:10C8C000040000000F00000001000000080000004C
:10C8D0002000000068000000780000001000000048
:10C8E0000C0000000E000000500000007C00000062
:10C8F000B0000000FFFFFFFFFFFFFFFFFFFFFFFF94
:04C90000FFFFFFFF37
:0CC9040000000000E91D00000000000021
:10C9100000A0105000820D500004055000000000DF
:10C920000338FDD870470000000000000000000040
:10C930000338FDD870470000763C7935EF39EA3D81
:10C94000763C7935EF39EABD0000E0FE422EE63F45
:10C950000000E0FE422EE6BF000000000000E03FC5
:10C96000000000000000E0BF50BC00000C00000010
:10C9700050BC00000D00000074BC00000900000065
:10C98000600000200000000006000100020000001E
:10C9900094C9000000000000FED200000600000064
:10C9A000E0CF17000000002006D3000021000000A7
:10C9B000E0FF03206C040020413100001F950000BF
:10C9C00000000000739500006595000069340000C8
:10C9D000FD33000000A0105000820D5000040550EF
:10C9E0007F00000000A010507C0400200000000028
:10C9F00000000000FFFF010000820D50F404002041
:10CA00000000000001000000FF07000000040550C6
:10CA10000000000000000000020000000C00000008
:10CA2000000016000D0000000000160000000000CD
:10CA30000000160000700C5040CA00000200000008
:10CA400058CA00000200000050CA000002010000A5
:10CA50002E80000C2B80000B2E06000C2B06000BEA
:10CA60001E0000000200000078CA0000E00700205D
:10CA700061390000010000002CBC0000040011001E
:10CA80000B00000050BC0000090011000200000073
:10CA9000E0BC00006B00000000000000000000008F
:10CAA0000003000000A0105000820D50000405504B
:10CAB00050BC00000100000020A1070020A10700D9
:10CAC00000000080FFFFFF7FA05A320000000080BE
:10CAD000FFFFFF7F0000008000000000000000005A
:10CAE000F7D3000001020A0004BD000000020000AC
:10CAF00000000000FF00FF00FF00FF00000000003A
:10CB000040771B0040771B00000000800000008081
:10CB1000FFFFFF7F00000080000000000000000019
:10CB2000F8D3000000FF090004BD00000001000070
:10CB300000000000FF00FF00FF00FF0000000000F9
:10CB400040771B0040771B00000000800000008041
:10CB5000FFFFFF7F000000800000000000000000D9
:10CB6000F8D3000000FF090004BD00000000000031
:10CB700000000000FF00FF00FF00FF0000000000B9
:10CB800004BD0000000000000000000000000000E4
:10CB90000000000000000000000000000000000095
:10CBA00000000000000000000000000004BD0000C4
:10CBB0004016400040164000E067350050C30000BA
:10CBC0000000030000093D0050C3000004000D00F8
:10CBD000B84C0A00007D0000D00700001000900152
:10CBE000700000006400000040420F0001000000DF
:10CBF00060E316000000000000000000C8AF000065
:10CC0000C8AF0000FFFFFF7FFFFFFF7F102700007E
:10CC10006B0D010000010000A0860100A08601004C
:10CC200001000F0000401050000000000000000054
:10CC300050CC000000C201000000D601010000003D
:10CC40000000004000100000D0120020CF12002091
:10CC5000004010505CCC0000020000007CCC0000C2
:10CC6000040000006CCC0000040100000080000003
:10CC70000180000102800002038000030000000028
:10CC800002000002010600010306000300600C50D0
:10CC90000000000000000000B8CC000000C201004D
:10CCA0000000D6010000000000000040001000005D
:10CCB000D2120020D112002000600C50C4CC000021
:10CCC00002000000E4CC000004000000D4CC00000E
:10CCD000040100002480000025800001268000025D
:10CCE0002780000324000000260000022506000122
:10CCF0002706000300A0105000820D5000040550CC
:10CD00000800000002000000040000000100000014
:10CD100000A0105000820D500004055000A01050DB
:10CD200000820D5000040550D0BA0000E0BA0000A7
:10CD300030BB000038BB0000A8BB0000C0BB000037
:10CD4000B2D300000001000000000000AFB90000F5
:10CD50000001010000020200001400000028000091
:10CD600000400000010000000200000070CD000043
:10CD700000000000000000000000000000000000B3
:10CD80000000000088CD00000F000000000000003F
:10CD900000000000060000000000000054009F0199
:10CDA0004661696C656420746F20736574206D6FD3
:10CDB00064656D204750494F3A2025640A006E7221
:10CDC0006639336D31646B40302E342E302F6E72E5
:10CDD0006635346C31352F637075617070004D6F3E
:10CDE00064656D5F427970617373206F6E20257387
:10CDF0000A0030373A33313A323600536570203208
:10CE0000392032303236004275696C64206F6E20F2
:10CE100025732025730A006D6F64656D002A2A2A28
:10CE200020426F6F74696E67206E524620436F6EAA
:10CE30006E6563742053444B2076332E352E302D8F
:10CE400070726576696577322D3862363561623089
:10CE50006662363730202A2A2A0A002A2A2A2055D2
:10CE600073696E67205A6570687972204F53207617
:10CE7000342E342E39392D393161366336336237E9
:10CE8000363037202A2A2A0A0072302F61313A20A0
:10CE900020307825303878202072312F61323A20C6
:10CEA00020307825303878202072322F61333A20B4
:10CEB000203078253038780A0072332F61343A20D8
:10CEC00020307825303878207231322F69703A203E
:10CED00020307825303878207231342F6C723A2027
:10CEE000203078253038780A0020787073723A2024
:10CEF000203078253038780A004661756C74696E88
:10CF00006720696E737472756374696F6E206164F3
:10CF1000647265737320287231352F7063293A204B
:10CF20003078253038780A00556E68616E646C651B
:10CF300064204952516E3A2025640A002A2A2A2A7E
:10CF40002A205553414745204641554C54202A2A12
:10CF50002A2A2A0A0020204469766973696F6E20A4
:10CF60006279207A65726F0A002020556E616C69C3
:10CF7000676E6564206D656D6F72792061636365AE
:10CF800073730A002020537461636B206F7665729F
:10CF9000666C6F772028636F6E7465787420617299
:10CFA0006561206E6F742076616C6964290A0020C7
:10CFB000204E6F20636F70726F636573736F7220A2
:10CFC000696E737472756374696F6E730A002020E2
:10CFD000496C6C6567616C206C6F6164206F6620C2
:10CFE0004558435F52455455524E20696E746F2028
:10CFF00050430A002020496C6C6567616C20757392
:10D0000065206F662074686520455053520A0020E1
:10D0100020417474656D707420746F206578656349
:10D0200075746520756E646566696E656420696EE9
:10D03000737472756374696F6E0A002A2A2A2A2A29
:10D0400020425553204641554C54202A2A2A2A2A48
:10D050000A002020537461636B696E6720657272E9
:10D060006F720A002020556E737461636B696E677E
:10D07000206572726F720A002020507265636973B6
:10D0800065206461746120627573206572726F72CD
:10D090000A00202042464152204164647265737345
:10D0A0003A20307825780A002020496D7072656337
:10D0B00069736520646174612062757320657272A2
:10D0C0006F720A002020496E737472756374696F01
:10D0D0006E20627573206572726F720A002020469E
:10D0E0006C6F6174696E672D706F696E74206C610E
:10D0F0007A792073746174652070726573657276D5
:10D100006174696F6E206572726F720A002A2A2A32
:10D110002A2A204D5055204641554C54202A2A2A6F
:10D120002A2A0A002020537461636B696E672065A8
:10D1300072726F722028636F6E74657874206172EA
:10D140006561206D69676874206265206E6F742068
:10D1500076616C6964290A00202044617461204171
:10D1600063636573732056696F6C6174696F6E0ACF
:10D170000020204D4D464152204164647265737316
:10D180003A20307825780A002020496E7374727531
:10D190006374696F6E204163636573732056696FB2
:10D1A0006C6174696F6E0A005265736572766564AE
:10D1B00020457863657074696F6E20280053707520
:10D1C00072696F757320696E746572727570742000
:10D1D000284952512000535053454C20696E207409
:10D1E0006872656164206D6F646520646F6573208B
:10D1F0006E6F7420696E646963617465205053506A
:10D200000A0045534620636F756C64206E6F74206E
:10D2100062652072657472696576656420737563F2
:10D220006365737366756C6C792E205368616C6CE2
:10D23000206E65766572206F636375722E0A002A10
:10D240002A2A2A2A2048415244204641554C54203B
:10D250002A2A2A2A2A0A002020427573206661752C
:10D260006C74206F6E20766563746F7220746162D7
:10D270006C6520726561640A0020204465627567F0
:10D28000206576656E740A0020204661756C7420F6
:10D29000657363616C6174696F6E202873656520C6
:10D2A00062656C6F77290A00415243485F455843D5
:10D2B000455054207769746820726561736F6E20E1
:10D2C00025780A0A002A2A2A2A2A204465627567D4
:10D2D000206D6F6E69746F72206578636570746914
:10D2E0006F6E202A2A2A2A2A0A002A2A2A2A2A2073
:10D2F000257320256429202A2A2A2A2A0A00464C36
:10D300004153485F30005352414D5F3000696E70A9
:10D310007574006C66636C6B00786F006770696F82
:10D3200030006770696F31006770696F3200693271
:10D330006340633730303000627574746F6E730011
:10D340006E706D31333030403662006D6F64656DE4
:10D350005F64636463004C444F31004255434B3279
:10D36000004255434B3100726567756C61746F7292
:10D370007300726567756C61746F72403132303062
:10D3800030300074656D7040643730303000636851
:10D39000617267657200756172744031303430308B
:10D3A000300075617274310069646C65006D61698B
:10D3B0006E00737973776F726B7100286E756C6C89
:10D3C00029002A666C6F61742A00000101030100C4
:10D3D00003010A100A200E010E02120112021208A5
:10D3E0001601160222012202220422082210000144
:10D3F0000405020608090F0200071823232323232C
:0CD4000023232323232323230001020005
:10D40C000000000000000000578B0000000000002E
:10D41C0024BE0000000000007800002078000020EE
:10D42C00010000000100000088000020880000209E
:10D43C0000000000000000000000000000000000E0
:10D44C0000000000000000000000000000000000D0
:10D45C0000000000000000000000000000000000C0
:10D46C0000000000000000000000000000000000B0
:10D47C0000000000391D0000000000000001000049
:10D48C000000000000000000000000000000000090
:10D49C000000000000000000000000000000000080
:10D4AC0000000000000000001396000000000000C7
:10D4BC0000000000000000001801002018010020EE
:10D4CC0001000000010000002801002028010020BC
:10D4DC000000000000000000000000000000000040
:10D4EC000000000000000000000000000000000030
:10D4FC000000000000000000000000000000000020
:10D50C00000000000000000000000000000000000F
:10D51C001396000000000000000000000000000056
:10D52C0080010020800100200100000001000000AB
:10D53C00900100209001002000000000000000007D
:10D54C0000000000000000000000000000000000CF
:10D55C0000000000000000000000000000000000BF
:10D56C0000000000000000000000000000000000AF
:10D57C0000000000000000001396000000000000F6
:10D58C000000000000000000E8010020E80100207D
:10D59C000100000001000000F8010020F80100204B
:10D5AC00000000000000000000000000000000006F
:10D5BC00000000000000000000000000000000005F
:10D5CC00000000000000000000000000000000004F
:10D5DC00000000000000000000000000000000003F
:10D5EC00BF990000000000000000000000000000D7
:10D5FC005002002050020020010000000100000039
:10D60C00600200206002002000000000000000000A
:10D61C0000000000000000000000000000000000FE
:10D62C0000000000000000000000000000000000EE
:10D63C0000000000000000000000000000000000DE
:10D64C000000000000000000953E000000000000FB
:10D65C000000000000000000B8020020B80200200A
:10D66C000100000001000000C8020020C8020020D8
:10D67C00000000000000000000000000000000009E
:10D68C00000000000000000000000000000000008E
:10D69C00000000000000000000000000000000007E
:10D6AC00000000000000000000000000000000006E
:10D6BC00A3A6000000000000000000000000000015
:10D6CC0020030020200300200100000001000000C6
:10D6DC003003002030030020000000000000000098
:10D6EC00000000000000000000000000000000002E
:10D6FC00000000000000000000000000000000001E
:10D70C00000000000000000000000000000000000D
:10D71C000000000000000000A3A6000000000000B4
:10D72C000000000000000000880300208803002097
:10D73C000100000001000000980300209803002065
:10D74C0000000000000000000000000000000000CD
:10D75C0000000000000000000000000000000000BD
:10D76C0000000000000000000000000000000000AD
:10D77C000000000000000000000000006700000036
:10D78C00000000000000000000000000000000008D
:10D79C00000000000000000000000000000000007D
:10D7AC00000000000000000000000000000000006D
:10D7BC00000000000000000000000000000000005D
:10D7CC00000000000000000000000000000000004D
:10D7DC00000000000000000000000000000000003D
:10D7EC00000000000000000000000000000000002D
:10D7FC00000000000000000000000000000000001D
:10D80C000000000000000000498C00000000000037
:10D81C000D940000000000000000000000C010503B
:10D82C0000000000000000000000000000000000EC
:10D83C0000000000000000000000000000000000DC
:10D84C0000000000000000000000000000000000CC
:10D85C0000000000000000000000000000000000BC
:10D86C0000000000000000000000000000000000AC
:10D87C00000000000000000000000000000000009C
:10D88C00000000000000000000000000000000008C
:10D89C000001000000A00D5000000000000000007E
:10D8AC00000000000000000000000000000000006C
:10D8BC00000000000000000000000000000000005C
:10D8CC00000000000000000000000000000000004C
:10D8DC00000000000000000000000000000000003C
:10D8EC00000000000000000000000000000000002C
:10D8FC00000000000000000000000000000000001C
:10D90C00000000000000000000000000000000000B
:10D91C000D3200000000000000000000800100003B
:10D92C00000000000F990000000000000000000043
:10D93C0000000000000000000080810100000101D7
:10D94C001B96000000010000D538000034CA00000E
:10D95C00CD110020FFFF00000000000000000000BF
:10D96C00E548000000000000FF0000000090D0031C
:10D97C00FF0000000F00000071020000DC05002019
:10D98C00DC050020FFFFFFFFE8050020E805002074
:10D99C0000000000000000000E000000000000006D
:10D9AC00000600200006002000000000000000001F
:10D9BC000E00000000000000677420009806002094
:10D9CC00C00600201C07002010070020AC06002019
:04D9DC00D40600204D
:10D9E0000000000000000000000000000000000037
:10D9F0000000000000000000000000000000000027
:08DA000000000000000000001E
:10DA0C00000000000000000000000000000000000A
:10DA1C000576000000000000780600207806002043
:10DA2C0061950000000000000000000000000000F4
:08DA3C000000000000000000E2
:10DA44009806002098060020000000000000000056
:10DA54000E000000AC060020AC0600200000000010
:10DA6400000000000E000000C0060020C0060020D8
:10DA740000000000000000000E000000D40600209A
:10DA8400D406002000000000000000000E0000008A
:10DA9400E8060020E80600200C000000100000004A
:10DAA40018280020D8280020182800201828002032
:08DAB40000000000000000006A
:10DABC001007002010070020000000001C070020A9
:08DACC001C070020000000000F
:08DAD4004D4D00007D4E0000E5
:04DADC0015E015E05C
:040000030000279D35
:00000001FF
